sample_index,sample_path,target,plaintext_logit_0,plaintext_logit_1,secure_logit_0,secure_logit_1,plaintext_prob_0,plaintext_prob_1,secure_prob_0,secure_prob_1,logit_0_abs_diff,logit_1_abs_diff,prob_0_abs_diff,prob_1_abs_diff,plaintext_argmax,secure_argmax,plaintext_threshold_pred,secure_threshold_pred
0,/data/wyb/pneumoniamnist_imagefolder_subset/val/0/00003.png,0,0.03933867812156677,0.22443510591983795,0.03933867812156677,0.22443510591983795,0.45385757088661194,0.5461424589157104,0.45385757088661194,0.5461424589157104,0.0,0.0,0.0,0.0,1,1,1,1
1,/data/wyb/pneumoniamnist_imagefolder_subset/val/0/00007.png,0,-0.1226007416844368,0.3604905307292938,-0.1226007416844368,0.3604905307292938,0.38152244687080383,0.6184775829315186,0.38152244687080383,0.6184775829315186,0.0,0.0,0.0,0.0,1,1,1,1
2,/data/wyb/pneumoniamnist_imagefolder_subset/val/0/00011.png,0,0.05448586493730545,0.2085808962583542,0.05448586493730545,0.2085808962583542,0.4615522623062134,0.5384476780891418,0.4615522623062134,0.5384476780891418,0.0,0.0,0.0,0.0,1,1,1,1
3,/data/wyb/pneumoniamnist_imagefolder_subset/val/0/00014.png,0,-0.1526804268360138,0.38303712010383606,-0.1526804268360138,0.38303712010383606,0.36918434500694275,0.6308156251907349,0.36918434500694275,0.6308156251907349,0.0,0.0,0.0,0.0,1,1,1,1
4,/data/wyb/pneumoniamnist_imagefolder_subset/val/0/00022.png,0,0.06595650315284729,0.20041948556900024,0.06595650315284729,0.20041948556900024,0.4664348363876343,0.5335652232170105,0.4664348363876343,0.5335652232170105,0.0,0.0,0.0,0.0,1,1,1,1
5,/data/wyb/pneumoniamnist_imagefolder_subset/val/0/00028.png,0,0.16187748312950134,0.12968522310256958,0.16187748312950134,0.12968522310256958,0.5080474019050598,0.49195265769958496,0.5080474019050598,0.49195265769958496,0.0,0.0,0.0,0.0,0,0,1,1
6,/data/wyb/pneumoniamnist_imagefolder_subset/val/0/00030.png,0,-0.2122325748205185,0.4199013411998749,-0.2122325748205185,0.4199013411998749,0.34702685475349426,0.6529731750488281,0.34702685475349426,0.6529731750488281,0.0,0.0,0.0,0.0,1,1,1,1
7,/data/wyb/pneumoniamnist_imagefolder_subset/val/0/00031.png,0,-0.049179356545209885,0.3023374378681183,-0.049179356545209885,0.3023374378681183,0.413014680147171,0.5869853496551514,0.413014680147171,0.5869853496551514,0.0,0.0,0.0,0.0,1,1,1,1
8,/data/wyb/pneumoniamnist_imagefolder_subset/val/0/00033.png,0,0.10973471403121948,0.1611693799495697,0.10973471403121948,0.1611693799495697,0.4871441721916199,0.5128558278083801,0.4871441721916199,0.5128558278083801,0.0,0.0,0.0,0.0,1,1,1,1
9,/data/wyb/pneumoniamnist_imagefolder_subset/val/0/00035.png,0,-0.0011710711987689137,0.2612368166446686,-0.0011710711987689137,0.2612368166446686,0.43477189540863037,0.5652281045913696,0.43477189540863037,0.5652281045913696,0.0,0.0,0.0,0.0,1,1,1,1
10,/data/wyb/pneumoniamnist_imagefolder_subset/val/0/00037.png,0,-0.06063244119286537,0.3029036819934845,-0.06063244119286537,0.3029036819934845,0.41010385751724243,0.5898962020874023,0.41010385751724243,0.5898962020874023,0.0,0.0,0.0,0.0,1,1,1,1
11,/data/wyb/pneumoniamnist_imagefolder_subset/val/0/00038.png,0,0.04197059944272041,0.219952791929245,0.04197059944272041,0.219952791929245,0.45562154054641724,0.5443784594535828,0.45562154054641724,0.5443784594535828,0.0,0.0,0.0,0.0,1,1,1,1
12,/data/wyb/pneumoniamnist_imagefolder_subset/val/0/00040.png,0,-0.1331280618906021,0.3626084327697754,-0.1331280618906021,0.3626084327697754,0.3785431385040283,0.6214568614959717,0.3785431385040283,0.6214568614959717,0.0,0.0,0.0,0.0,1,1,1,1
13,/data/wyb/pneumoniamnist_imagefolder_subset/val/0/00045.png,0,-0.10052291303873062,0.3340515196323395,-0.10052291303873062,0.3340515196323395,0.39303454756736755,0.6069654822349548,0.39303454756736755,0.6069654822349548,0.0,0.0,0.0,0.0,1,1,1,1
14,/data/wyb/pneumoniamnist_imagefolder_subset/val/0/00046.png,0,0.07999963313341141,0.17954681813716888,0.07999963313341141,0.17954681813716888,0.4751337468624115,0.5248662829399109,0.4751337468624115,0.5248662829399109,0.0,0.0,0.0,0.0,1,1,1,1
15,/data/wyb/pneumoniamnist_imagefolder_subset/val/0/00049.png,0,0.0007327301427721977,0.26639610528945923,0.0007327301427721977,0.26639610528945923,0.433972030878067,0.5660279393196106,0.433972030878067,0.5660279393196106,0.0,0.0,0.0,0.0,1,1,1,1
16,/data/wyb/pneumoniamnist_imagefolder_subset/val/0/00052.png,0,0.07752306759357452,0.19363819062709808,0.07752306759357452,0.19363819062709808,0.4710037410259247,0.5289961695671082,0.4710037410259247,0.5289961695671082,0.0,0.0,0.0,0.0,1,1,1,1
17,/data/wyb/pneumoniamnist_imagefolder_subset/val/0/00055.png,0,-0.2009272277355194,0.41982340812683105,-0.2009272277355194,0.41982340812683105,0.34961074590682983,0.6503892540931702,0.34961074590682983,0.6503892540931702,0.0,0.0,0.0,0.0,1,1,1,1
18,/data/wyb/pneumoniamnist_imagefolder_subset/val/0/00069.png,0,-0.09409062564373016,0.3341924250125885,-0.09409062564373016,0.3341924250125885,0.39453640580177307,0.6054636240005493,0.39453640580177307,0.6054636240005493,0.0,0.0,0.0,0.0,1,1,1,1
19,/data/wyb/pneumoniamnist_imagefolder_subset/val/0/00072.png,0,-0.006835120730102062,0.25939878821372986,-0.006835120730102062,0.25939878821372986,0.4338318705558777,0.5661680698394775,0.4338318705558777,0.5661680698394775,0.0,0.0,0.0,0.0,1,1,1,1
20,/data/wyb/pneumoniamnist_imagefolder_subset/val/0/00074.png,0,-0.06517213582992554,0.3049224019050598,-0.06517213582992554,0.3049224019050598,0.4085181951522827,0.5914818048477173,0.4085181951522827,0.5914818048477173,0.0,0.0,0.0,0.0,1,1,1,1
21,/data/wyb/pneumoniamnist_imagefolder_subset/val/0/00081.png,0,0.02354244515299797,0.24107226729393005,0.02354244515299797,0.24107226729393005,0.44583097100257874,0.5541689991950989,0.44583097100257874,0.5541689991950989,0.0,0.0,0.0,0.0,1,1,1,1
22,/data/wyb/pneumoniamnist_imagefolder_subset/val/0/00083.png,0,-0.058135680854320526,0.3077652156352997,-0.058135680854320526,0.3077652156352997,0.4095318615436554,0.5904681086540222,0.4095318615436554,0.5904681086540222,0.0,0.0,0.0,0.0,1,1,1,1
23,/data/wyb/pneumoniamnist_imagefolder_subset/val/0/00090.png,0,-0.07271572202444077,0.31391969323158264,-0.07271572202444077,0.31391969323158264,0.4045275151729584,0.595472514629364,0.4045275151729584,0.595472514629364,0.0,0.0,0.0,0.0,1,1,1,1
24,/data/wyb/pneumoniamnist_imagefolder_subset/val/0/00093.png,0,-0.22968101501464844,0.4596627950668335,-0.22968101501464844,0.4596627950668335,0.3341790735721588,0.6658209562301636,0.3341790735721588,0.6658209562301636,0.0,0.0,0.0,0.0,1,1,1,1
25,/data/wyb/pneumoniamnist_imagefolder_subset/val/0/00106.png,0,0.014518477022647858,0.24498306214809418,0.014518477022647858,0.24498306214809418,0.44263753294944763,0.5573624968528748,0.44263753294944763,0.5573624968528748,0.0,0.0,0.0,0.0,1,1,1,1
26,/data/wyb/pneumoniamnist_imagefolder_subset/val/0/00114.png,0,-0.23643727600574493,0.4621526598930359,-0.23643727600574493,0.4621526598930359,0.3321249186992645,0.6678750514984131,0.3321249186992645,0.6678750514984131,0.0,0.0,0.0,0.0,1,1,1,1
27,/data/wyb/pneumoniamnist_imagefolder_subset/val/0/00118.png,0,-0.09056254476308823,0.33143535256385803,-0.09056254476308823,0.33143535256385803,0.3960387706756592,0.6039612293243408,0.3960387706756592,0.6039612293243408,0.0,0.0,0.0,0.0,1,1,1,1
28,/data/wyb/pneumoniamnist_imagefolder_subset/val/0/00124.png,0,-0.1834976226091385,0.40038150548934937,-0.1834976226091385,0.40038150548934937,0.3580405116081238,0.6419594883918762,0.3580405116081238,0.6419594883918762,0.0,0.0,0.0,0.0,1,1,1,1
29,/data/wyb/pneumoniamnist_imagefolder_subset/val/0/00130.png,0,0.13936147093772888,0.14551199972629547,0.13936147093772888,0.14551199972629547,0.49846237897872925,0.5015376210212708,0.49846237897872925,0.5015376210212708,0.0,0.0,0.0,0.0,1,1,1,1
30,/data/wyb/pneumoniamnist_imagefolder_subset/val/0/00131.png,0,-0.034456461668014526,0.2837214469909668,-0.034456461668014526,0.2837214469909668,0.42111989855766296,0.5788801312446594,0.42111989855766296,0.5788801312446594,0.0,0.0,0.0,0.0,1,1,1,1
31,/data/wyb/pneumoniamnist_imagefolder_subset/val/0/00132.png,0,-0.0492599755525589,0.2808343172073364,-0.0492599755525589,0.2808343172073364,0.41821765899658203,0.5817822813987732,0.41821765899658203,0.5817822813987732,0.0,0.0,0.0,0.0,1,1,1,1
32,/data/wyb/pneumoniamnist_imagefolder_subset/val/0/00135.png,0,-0.13480424880981445,0.3610811233520508,-0.13480424880981445,0.3610811233520508,0.3785081207752228,0.6214919090270996,0.3785081207752228,0.6214919090270996,0.0,0.0,0.0,0.0,1,1,1,1
33,/data/wyb/pneumoniamnist_imagefolder_subset/val/0/00147.png,0,-0.07528644800186157,0.324735164642334,-0.07528644800186157,0.324735164642334,0.4013071656227112,0.5986928939819336,0.4013071656227112,0.5986928939819336,0.0,0.0,0.0,0.0,1,1,1,1
34,/data/wyb/pneumoniamnist_imagefolder_subset/val/0/00151.png,0,-0.0816739946603775,0.32593488693237305,-0.0816739946603775,0.32593488693237305,0.39948558807373047,0.6005143523216248,0.39948558807373047,0.6005143523216248,0.0,0.0,0.0,0.0,1,1,1,1
35,/data/wyb/pneumoniamnist_imagefolder_subset/val/0/00155.png,0,-0.03607210889458656,0.29457035660743713,-0.03607210889458656,0.29457035660743713,0.4180842936038971,0.5819156765937805,0.4180842936038971,0.5819156765937805,0.0,0.0,0.0,0.0,1,1,1,1
36,/data/wyb/pneumoniamnist_imagefolder_subset/val/0/00157.png,0,-0.1433487832546234,0.3731941878795624,-0.1433487832546234,0.3731941878795624,0.37366098165512085,0.6263390779495239,0.37366098165512085,0.6263390779495239,0.0,0.0,0.0,0.0,1,1,1,1
37,/data/wyb/pneumoniamnist_imagefolder_subset/val/0/00159.png,0,-0.05122470483183861,0.3065803647041321,-0.05122470483183861,0.3065803647041321,0.4114910066127777,0.5885090231895447,0.4114910066127777,0.5885090231895447,0.0,0.0,0.0,0.0,1,1,1,1
38,/data/wyb/pneumoniamnist_imagefolder_subset/val/0/00164.png,0,-0.014506885781884193,0.26595303416252136,-0.014506885781884193,0.26595303416252136,0.43034103512763977,0.5696589946746826,0.43034103512763977,0.5696589946746826,0.0,0.0,0.0,0.0,1,1,1,1
39,/data/wyb/pneumoniamnist_imagefolder_subset/val/0/00168.png,0,-0.09209243208169937,0.3323421776294708,-0.09209243208169937,0.3323421776294708,0.39545607566833496,0.604543924331665,0.39545607566833496,0.604543924331665,0.0,0.0,0.0,0.0,1,1,1,1
40,/data/wyb/pneumoniamnist_imagefolder_subset/val/0/00171.png,0,0.0036521919537335634,0.2532880902290344,0.0036521919537335634,0.2532880902290344,0.43791311979293823,0.5620868802070618,0.43791311979293823,0.5620868802070618,0.0,0.0,0.0,0.0,1,1,1,1
41,/data/wyb/pneumoniamnist_imagefolder_subset/val/0/00173.png,0,-0.07336238026618958,0.32482287287712097,-0.07336238026618958,0.32482287287712097,0.4017484486103058,0.5982515811920166,0.4017484486103058,0.5982515811920166,0.0,0.0,0.0,0.0,1,1,1,1
42,/data/wyb/pneumoniamnist_imagefolder_subset/val/0/00174.png,0,-0.2851249575614929,0.48777246475219727,-0.2851249575614929,0.48777246475219727,0.31585264205932617,0.684147298336029,0.31585264205932617,0.684147298336029,0.0,0.0,0.0,0.0,1,1,1,1
43,/data/wyb/pneumoniamnist_imagefolder_subset/val/0/00177.png,0,0.07290806621313095,0.19416074454784393,0.07290806621313095,0.19416074454784393,0.4697239100933075,0.5302760601043701,0.4697239100933075,0.5302760601043701,0.0,0.0,0.0,0.0,1,1,1,1
44,/data/wyb/pneumoniamnist_imagefolder_subset/val/0/00185.png,0,-0.01227741502225399,0.26809781789779663,-0.01227741502225399,0.26809781789779663,0.4303617775440216,0.569638192653656,0.4303617775440216,0.569638192653656,0.0,0.0,0.0,0.0,1,1,1,1
45,/data/wyb/pneumoniamnist_imagefolder_subset/val/0/00189.png,0,0.07138743996620178,0.19179286062717438,0.07138743996620178,0.19179286062717438,0.46993497014045715,0.5300650596618652,0.46993497014045715,0.5300650596618652,0.0,0.0,0.0,0.0,1,1,1,1
46,/data/wyb/pneumoniamnist_imagefolder_subset/val/0/00190.png,0,-0.3077758550643921,0.5049967765808105,-0.3077758550643921,0.5049967765808105,0.307299941778183,0.6926999688148499,0.307299941778183,0.6926999688148499,0.0,0.0,0.0,0.0,1,1,1,1
47,/data/wyb/pneumoniamnist_imagefolder_subset/val/0/00192.png,0,0.08434388786554337,0.1919681876897812,0.08434388786554337,0.1919681876897812,0.4731198847293854,0.526880145072937,0.4731198847293854,0.526880145072937,0.0,0.0,0.0,0.0,1,1,1,1
48,/data/wyb/pneumoniamnist_imagefolder_subset/val/0/00193.png,0,0.03530053421854973,0.2330426126718521,0.03530053421854973,0.2330426126718521,0.4507249891757965,0.5492751002311707,0.4507249891757965,0.5492751002311707,0.0,0.0,0.0,0.0,1,1,1,1
49,/data/wyb/pneumoniamnist_imagefolder_subset/val/0/00198.png,0,0.1496729701757431,0.13614627718925476,0.1496729701757431,0.13614627718925476,0.503381609916687,0.4966183602809906,0.503381609916687,0.4966183602809906,0.0,0.0,0.0,0.0,0,0,1,1
50,/data/wyb/pneumoniamnist_imagefolder_subset/val/0/00199.png,0,-0.004029879812151194,0.25604501366615295,-0.004029879812151194,0.25604501366615295,0.43534529209136963,0.5646547079086304,0.43534529209136963,0.5646547079086304,0.0,0.0,0.0,0.0,1,1,1,1
51,/data/wyb/pneumoniamnist_imagefolder_subset/val/0/00201.png,0,-0.15152570605278015,0.3827070891857147,-0.15152570605278015,0.3827070891857147,0.36953020095825195,0.630469799041748,0.36953020095825195,0.630469799041748,0.0,0.0,0.0,0.0,1,1,1,1
52,/data/wyb/pneumoniamnist_imagefolder_subset/val/0/00202.png,0,-0.004104339051991701,0.2570912539958954,-0.004104339051991701,0.2570912539958954,0.43506985902786255,0.5649302005767822,0.43506985902786255,0.5649302005767822,0.0,0.0,0.0,0.0,1,1,1,1
53,/data/wyb/pneumoniamnist_imagefolder_subset/val/0/00203.png,0,-0.2527111768722534,0.46571093797683716,-0.2527111768722534,0.46571093797683716,0.32774052023887634,0.6722594499588013,0.32774052023887634,0.6722594499588013,0.0,0.0,0.0,0.0,1,1,1,1
54,/data/wyb/pneumoniamnist_imagefolder_subset/val/0/00204.png,0,-0.08562859892845154,0.32893097400665283,-0.08562859892845154,0.32893097400665283,0.39781931042671204,0.6021806597709656,0.39781931042671204,0.6021806597709656,0.0,0.0,0.0,0.0,1,1,1,1
55,/data/wyb/pneumoniamnist_imagefolder_subset/val/0/00205.png,0,-0.028802979737520218,0.27058839797973633,-0.028802979737520218,0.27058839797973633,0.42570626735687256,0.5742937326431274,0.42570626735687256,0.5742937326431274,0.0,0.0,0.0,0.0,1,1,1,1
56,/data/wyb/pneumoniamnist_imagefolder_subset/val/0/00210.png,0,-0.362560898065567,0.5613409876823425,-0.362560898065567,0.5613409876823425,0.28416353464126587,0.7158365249633789,0.28416353464126587,0.7158365249633789,0.0,0.0,0.0,0.0,1,1,1,1
57,/data/wyb/pneumoniamnist_imagefolder_subset/val/0/00215.png,0,-0.25900524854660034,0.46673518419265747,-0.25900524854660034,0.46673518419265747,0.3261301517486572,0.6738698482513428,0.3261301517486572,0.6738698482513428,0.0,0.0,0.0,0.0,1,1,1,1
58,/data/wyb/pneumoniamnist_imagefolder_subset/val/0/00217.png,0,-0.04228132218122482,0.2830016016960144,-0.04228132218122482,0.2830016016960144,0.4193888008594513,0.5806112289428711,0.4193888008594513,0.5806112289428711,0.0,0.0,0.0,0.0,1,1,1,1
59,/data/wyb/pneumoniamnist_imagefolder_subset/val/0/00219.png,0,-0.1062074527144432,0.3354305028915405,-0.1062074527144432,0.3354305028915405,0.39135074615478516,0.6086492538452148,0.39135074615478516,0.6086492538452148,0.0,0.0,0.0,0.0,1,1,1,1
60,/data/wyb/pneumoniamnist_imagefolder_subset/val/0/00220.png,0,-0.03710450604557991,0.2654091417789459,-0.03710450604557991,0.2654091417789459,0.42494311928749084,0.5750569105148315,0.42494311928749084,0.5750569105148315,0.0,0.0,0.0,0.0,1,1,1,1
61,/data/wyb/pneumoniamnist_imagefolder_subset/val/0/00223.png,0,-0.37959691882133484,0.573363184928894,-0.37959691882133484,0.573363184928894,0.27828991413116455,0.7217100858688354,0.27828991413116455,0.7217100858688354,0.0,0.0,0.0,0.0,1,1,1,1
62,/data/wyb/pneumoniamnist_imagefolder_subset/val/0/00226.png,0,-0.07027504593133926,0.319206178188324,-0.07027504593133926,0.319206178188324,0.40384218096733093,0.5961577892303467,0.40384218096733093,0.5961577892303467,0.0,0.0,0.0,0.0,1,1,1,1
63,/data/wyb/pneumoniamnist_imagefolder_subset/val/0/00227.png,0,0.07956641167402267,0.19306974112987518,0.07956641167402267,0.19306974112987518,0.47165459394454956,0.5283454060554504,0.47165459394454956,0.5283454060554504,0.0,0.0,0.0,0.0,1,1,1,1
64,/data/wyb/pneumoniamnist_imagefolder_subset/val/0/00233.png,0,-0.0729300007224083,0.32804062962532043,-0.0729300007224083,0.32804062962532043,0.4010791480541229,0.5989208221435547,0.4010791480541229,0.5989208221435547,0.0,0.0,0.0,0.0,1,1,1,1
65,/data/wyb/pneumoniamnist_imagefolder_subset/val/0/00235.png,0,-0.0431332141160965,0.29520002007484436,-0.0431332141160965,0.29520002007484436,0.41621437668800354,0.5837855935096741,0.41621437668800354,0.5837855935096741,0.0,0.0,0.0,0.0,1,1,1,1
66,/data/wyb/pneumoniamnist_imagefolder_subset/val/0/00237.png,0,-0.025268174707889557,0.26964712142944336,-0.025268174707889557,0.26964712142944336,0.4268009662628174,0.5731990337371826,0.4268009662628174,0.5731990337371826,0.0,0.0,0.0,0.0,1,1,1,1
67,/data/wyb/pneumoniamnist_imagefolder_subset/val/0/00248.png,0,-0.1122610867023468,0.34575745463371277,-0.1122610867023468,0.34575745463371277,0.3874560296535492,0.612544059753418,0.3874560296535492,0.612544059753418,0.0,0.0,0.0,0.0,1,1,1,1
68,/data/wyb/pneumoniamnist_imagefolder_subset/val/0/00251.png,0,-0.0661587119102478,0.3205242455005646,-0.0661587119102478,0.3205242455005646,0.4045160412788391,0.5954838991165161,0.4045160412788391,0.5954838991165161,0.0,0.0,0.0,0.0,1,1,1,1
69,/data/wyb/pneumoniamnist_imagefolder_subset/val/0/00252.png,0,-0.07718246430158615,0.3218091130256653,-0.07718246430158615,0.3218091130256653,0.4015546143054962,0.5984452962875366,0.4015546143054962,0.5984452962875366,0.0,0.0,0.0,0.0,1,1,1,1
70,/data/wyb/pneumoniamnist_imagefolder_subset/val/0/00254.png,0,-0.10441029816865921,0.35221433639526367,-0.10441029816865921,0.35221433639526367,0.387786865234375,0.612213134765625,0.387786865234375,0.612213134765625,0.0,0.0,0.0,0.0,1,1,1,1
71,/data/wyb/pneumoniamnist_imagefolder_subset/val/0/00259.png,0,-0.054184433072805405,0.29817697405815125,-0.054184433072805405,0.29817697405815125,0.41280990839004517,0.5871900916099548,0.41280990839004517,0.5871900916099548,0.0,0.0,0.0,0.0,1,1,1,1
72,/data/wyb/pneumoniamnist_imagefolder_subset/val/0/00281.png,0,-0.009667146019637585,0.2709955871105194,-0.009667146019637585,0.2709955871105194,0.4302912950515747,0.5697087049484253,0.4302912950515747,0.5697087049484253,0.0,0.0,0.0,0.0,1,1,1,1
73,/data/wyb/pneumoniamnist_imagefolder_subset/val/0/00284.png,0,-0.15658386051654816,0.3967401087284088,-0.15658386051654816,0.3967401087284088,0.36509355902671814,0.6349064111709595,0.36509355902671814,0.6349064111709595,0.0,0.0,0.0,0.0,1,1,1,1
74,/data/wyb/pneumoniamnist_imagefolder_subset/val/0/00287.png,0,-0.10648196935653687,0.34458860754966736,-0.10648196935653687,0.34458860754966736,0.38910624384880066,0.610893726348877,0.38910624384880066,0.610893726348877,0.0,0.0,0.0,0.0,1,1,1,1
75,/data/wyb/pneumoniamnist_imagefolder_subset/val/0/00288.png,0,-0.08997472375631332,0.33125945925712585,-0.08997472375631332,0.33125945925712585,0.39622145891189575,0.6037785410881042,0.39622145891189575,0.6037785410881042,0.0,0.0,0.0,0.0,1,1,1,1
76,/data/wyb/pneumoniamnist_imagefolder_subset/val/0/00293.png,0,-0.04322429746389389,0.28942880034446716,-0.04322429746389389,0.28942880034446716,0.4175952076911926,0.5824047923088074,0.4175952076911926,0.5824047923088074,0.0,0.0,0.0,0.0,1,1,1,1
77,/data/wyb/pneumoniamnist_imagefolder_subset/val/0/00295.png,0,0.026832647621631622,0.2461114376783371,0.026832647621631622,0.2461114376783371,0.4453989267349243,0.5546011328697205,0.4453989267349243,0.5546011328697205,0.0,0.0,0.0,0.0,1,1,1,1
78,/data/wyb/pneumoniamnist_imagefolder_subset/val/0/00296.png,0,0.049088381230831146,0.22122222185134888,0.049088381230831146,0.22122222185134888,0.4570724666118622,0.5429275035858154,0.4570724666118622,0.5429275035858154,0.0,0.0,0.0,0.0,1,1,1,1
79,/data/wyb/pneumoniamnist_imagefolder_subset/val/0/00298.png,0,-0.029804639518260956,0.2863525152206421,-0.029804639518260956,0.2863525152206421,0.42161256074905396,0.578387439250946,0.42161256074905396,0.578387439250946,0.0,0.0,0.0,0.0,1,1,1,1
80,/data/wyb/pneumoniamnist_imagefolder_subset/val/0/00299.png,0,-0.14379149675369263,0.37392982840538025,-0.14379149675369263,0.37392982840538025,0.3733852207660675,0.6266148090362549,0.3733852207660675,0.6266148090362549,0.0,0.0,0.0,0.0,1,1,1,1
81,/data/wyb/pneumoniamnist_imagefolder_subset/val/0/00311.png,0,-0.2872883081436157,0.5025871992111206,-0.2872883081436157,0.5025871992111206,0.31219539046287537,0.6878045797348022,0.31219539046287537,0.6878045797348022,0.0,0.0,0.0,0.0,1,1,1,1
82,/data/wyb/pneumoniamnist_imagefolder_subset/val/0/00312.png,0,-0.10863614827394485,0.3443380892276764,-0.10863614827394485,0.3443380892276764,0.38865381479263306,0.6113461256027222,0.38865381479263306,0.6113461256027222,0.0,0.0,0.0,0.0,1,1,1,1
83,/data/wyb/pneumoniamnist_imagefolder_subset/val/0/00326.png,0,0.036592282354831696,0.22332488000392914,0.036592282354831696,0.22332488000392914,0.4534519910812378,0.5465479493141174,0.4534519910812378,0.5465479493141174,0.0,0.0,0.0,0.0,1,1,1,1
84,/data/wyb/pneumoniamnist_imagefolder_subset/val/0/00329.png,0,-0.15803863108158112,0.3873308598995209,-0.15803863108158112,0.3873308598995209,0.36693939566612244,0.6330606341362,0.36693939566612244,0.6330606341362,0.0,0.0,0.0,0.0,1,1,1,1
85,/data/wyb/pneumoniamnist_imagefolder_subset/val/0/00334.png,0,-0.08411713689565659,0.3237806558609009,-0.08411713689565659,0.3237806558609009,0.3994162976741791,0.6005837321281433,0.3994162976741791,0.6005837321281433,0.0,0.0,0.0,0.0,1,1,1,1
86,/data/wyb/pneumoniamnist_imagefolder_subset/val/0/00335.png,0,0.025366034358739853,0.2341345101594925,0.025366034358739853,0.2341345101594925,0.4479966163635254,0.5520033836364746,0.4479966163635254,0.5520033836364746,0.0,0.0,0.0,0.0,1,1,1,1
87,/data/wyb/pneumoniamnist_imagefolder_subset/val/0/00336.png,0,0.01795077882707119,0.2518913149833679,0.01795077882707119,0.2518913149833679,0.441780149936676,0.558219850063324,0.441780149936676,0.558219850063324,0.0,0.0,0.0,0.0,1,1,1,1
88,/data/wyb/pneumoniamnist_imagefolder_subset/val/0/00340.png,0,-0.1144370511174202,0.3517287075519562,-0.1144370511174202,0.3517287075519562,0.3855241537094116,0.6144758462905884,0.3855241537094116,0.6144758462905884,0.0,0.0,0.0,0.0,1,1,1,1
89,/data/wyb/pneumoniamnist_imagefolder_subset/val/0/00349.png,0,0.11977639049291611,0.16143780946731567,0.11977639049291611,0.16143780946731567,0.4895861744880676,0.5104138851165771,0.4895861744880676,0.5104138851165771,0.0,0.0,0.0,0.0,1,1,1,1
90,/data/wyb/pneumoniamnist_imagefolder_subset/val/0/00353.png,0,-0.132299542427063,0.3657572567462921,-0.132299542427063,0.3657572567462921,0.3779974579811096,0.6220026016235352,0.3779974579811096,0.6220026016235352,0.0,0.0,0.0,0.0,1,1,1,1
91,/data/wyb/pneumoniamnist_imagefolder_subset/val/0/00354.png,0,0.023537451401352882,0.23923452198505402,0.023537451401352882,0.23923452198505402,0.44628381729125977,0.5537161231040955,0.44628381729125977,0.5537161231040955,0.0,0.0,0.0,0.0,1,1,1,1
92,/data/wyb/pneumoniamnist_imagefolder_subset/val/0/00358.png,0,0.0986386090517044,0.17452719807624817,0.0986386090517044,0.17452719807624817,0.4810369312763214,0.5189630389213562,0.4810369312763214,0.5189630389213562,0.0,0.0,0.0,0.0,1,1,1,1
93,/data/wyb/pneumoniamnist_imagefolder_subset/val/0/00360.png,0,-0.02623457834124565,0.2779447138309479,-0.02623457834124565,0.2779447138309479,0.4245361387729645,0.5754638314247131,0.4245361387729645,0.5754638314247131,0.0,0.0,0.0,0.0,1,1,1,1
94,/data/wyb/pneumoniamnist_imagefolder_subset/val/0/00365.png,0,-0.11445317417383194,0.35740789771080017,-0.11445317417383194,0.35740789771080017,0.3841758668422699,0.6158241629600525,0.3841758668422699,0.6158241629600525,0.0,0.0,0.0,0.0,1,1,1,1
95,/data/wyb/pneumoniamnist_imagefolder_subset/val/0/00366.png,0,-0.17160849273204803,0.39195340871810913,-0.17160849273204803,0.39195340871810913,0.362723708152771,0.637276291847229,0.362723708152771,0.637276291847229,0.0,0.0,0.0,0.0,1,1,1,1
96,/data/wyb/pneumoniamnist_imagefolder_subset/val/0/00378.png,0,-0.03812801465392113,0.2921006679534912,-0.03812801465392113,0.2921006679534912,0.4181849956512451,0.5818150639533997,0.4181849956512451,0.5818150639533997,0.0,0.0,0.0,0.0,1,1,1,1
97,/data/wyb/pneumoniamnist_imagefolder_subset/val/0/00382.png,0,-0.07978486269712448,0.31990987062454224,-0.07978486269712448,0.31990987062454224,0.40138569474220276,0.5986143350601196,0.40138569474220276,0.5986143350601196,0.0,0.0,0.0,0.0,1,1,1,1
98,/data/wyb/pneumoniamnist_imagefolder_subset/val/0/00383.png,0,-0.05139428377151489,0.2946855425834656,-0.05139428377151489,0.2946855425834656,0.41433337330818176,0.5856666564941406,0.41433337330818176,0.5856666564941406,0.0,0.0,0.0,0.0,1,1,1,1
99,/data/wyb/pneumoniamnist_imagefolder_subset/val/0/00388.png,0,0.0160349253565073,0.24357344210147858,0.0160349253565073,0.24357344210147858,0.44335952401161194,0.5566404461860657,0.44335952401161194,0.5566404461860657,0.0,0.0,0.0,0.0,1,1,1,1
100,/data/wyb/pneumoniamnist_imagefolder_subset/val/0/00392.png,0,-0.05434253066778183,0.308274507522583,-0.05434253066778183,0.308274507522583,0.410326212644577,0.5896738171577454,0.410326212644577,0.5896738171577454,0.0,0.0,0.0,0.0,1,1,1,1
101,/data/wyb/pneumoniamnist_imagefolder_subset/val/0/00395.png,0,-0.015300455503165722,0.27403026819229126,-0.015300455503165722,0.27403026819229126,0.4281677305698395,0.5718322992324829,0.4281677305698395,0.5718322992324829,0.0,0.0,0.0,0.0,1,1,1,1
102,/data/wyb/pneumoniamnist_imagefolder_subset/val/0/00403.png,0,-0.07565321773290634,0.31323713064193726,-0.07565321773290634,0.31323713064193726,0.4039844572544098,0.5960155725479126,0.4039844572544098,0.5960155725479126,0.0,0.0,0.0,0.0,1,1,1,1
103,/data/wyb/pneumoniamnist_imagefolder_subset/val/0/00406.png,0,-0.04250701889395714,0.2813628017902374,-0.04250701889395714,0.2813628017902374,0.419732928276062,0.580267071723938,0.419732928276062,0.580267071723938,0.0,0.0,0.0,0.0,1,1,1,1
104,/data/wyb/pneumoniamnist_imagefolder_subset/val/0/00409.png,0,-0.13214388489723206,0.3671385645866394,-0.13214388489723206,0.3671385645866394,0.377709299325943,0.6222906708717346,0.377709299325943,0.6222906708717346,0.0,0.0,0.0,0.0,1,1,1,1
105,/data/wyb/pneumoniamnist_imagefolder_subset/val/0/00411.png,0,0.08708204329013824,0.17626149952411652,0.08708204329013824,0.17626149952411652,0.47771990299224854,0.5222800970077515,0.47771990299224854,0.5222800970077515,0.0,0.0,0.0,0.0,1,1,1,1
106,/data/wyb/pneumoniamnist_imagefolder_subset/val/0/00416.png,0,-0.03862733021378517,0.30101871490478516,-0.03862733021378517,0.30101871490478516,0.4158954620361328,0.5841045379638672,0.4158954620361328,0.5841045379638672,0.0,0.0,0.0,0.0,1,1,1,1
107,/data/wyb/pneumoniamnist_imagefolder_subset/val/0/00417.png,0,-0.05376782268285751,0.3174249827861786,-0.05376782268285751,0.3174249827861786,0.4082528054714203,0.5917471647262573,0.4082528054714203,0.5917471647262573,0.0,0.0,0.0,0.0,1,1,1,1
108,/data/wyb/pneumoniamnist_imagefolder_subset/val/0/00420.png,0,0.12727196514606476,0.15132883191108704,0.12727196514606476,0.15132883191108704,0.4939860701560974,0.5060139298439026,0.4939860701560974,0.5060139298439026,0.0,0.0,0.0,0.0,1,1,1,1
109,/data/wyb/pneumoniamnist_imagefolder_subset/val/0/00424.png,0,0.09927663952112198,0.17540384829044342,0.09927663952112198,0.17540384829044342,0.4809773564338684,0.5190225839614868,0.4809773564338684,0.5190225839614868,0.0,0.0,0.0,0.0,1,1,1,1
110,/data/wyb/pneumoniamnist_imagefolder_subset/val/0/00429.png,0,-0.012812831439077854,0.2806987762451172,-0.012812831439077854,0.2806987762451172,0.4271444082260132,0.5728556513786316,0.4271444082260132,0.5728556513786316,0.0,0.0,0.0,0.0,1,1,1,1
111,/data/wyb/pneumoniamnist_imagefolder_subset/val/0/00433.png,0,-0.05295107513666153,0.2980121672153473,-0.05295107513666153,0.2980121672153473,0.4131488502025604,0.5868511199951172,0.4131488502025604,0.5868511199951172,0.0,0.0,0.0,0.0,1,1,1,1
112,/data/wyb/pneumoniamnist_imagefolder_subset/val/0/00437.png,0,-0.08940333127975464,0.3337816298007965,-0.08940333127975464,0.3337816298007965,0.395754873752594,0.604245126247406,0.395754873752594,0.604245126247406,0.0,0.0,0.0,0.0,1,1,1,1
113,/data/wyb/pneumoniamnist_imagefolder_subset/val/0/00438.png,0,-0.038669146597385406,0.29093897342681885,-0.038669146597385406,0.29093897342681885,0.4183359742164612,0.5816640257835388,0.4183359742164612,0.5816640257835388,0.0,0.0,0.0,0.0,1,1,1,1
114,/data/wyb/pneumoniamnist_imagefolder_subset/val/0/00454.png,0,-0.11924836784601212,0.3521633744239807,-0.11924836784601212,0.3521633744239807,0.3842821717262268,0.615717887878418,0.3842821717262268,0.615717887878418,0.0,0.0,0.0,0.0,1,1,1,1
115,/data/wyb/pneumoniamnist_imagefolder_subset/val/0/00455.png,0,0.013972433283925056,0.25262176990509033,0.013972433283925056,0.25262176990509033,0.44061923027038574,0.5593807697296143,0.44061923027038574,0.5593807697296143,0.0,0.0,0.0,0.0,1,1,1,1
116,/data/wyb/pneumoniamnist_imagefolder_subset/val/0/00456.png,0,-0.09655144065618515,0.3472273349761963,-0.09655144065618515,0.3472273349761963,0.39084094762802124,0.6091591119766235,0.39084094762802124,0.6091591119766235,0.0,0.0,0.0,0.0,1,1,1,1
117,/data/wyb/pneumoniamnist_imagefolder_subset/val/0/00459.png,0,-0.15141351521015167,0.37926796078681946,-0.15141351521015167,0.37926796078681946,0.3703579604625702,0.6296420693397522,0.3703579604625702,0.6296420693397522,0.0,0.0,0.0,0.0,1,1,1,1
118,/data/wyb/pneumoniamnist_imagefolder_subset/val/0/00463.png,0,-0.07609327137470245,0.3193127512931824,-0.07609327137470245,0.3193127512931824,0.4024166166782379,0.5975834131240845,0.4024166166782379,0.5975834131240845,0.0,0.0,0.0,0.0,1,1,1,1
119,/data/wyb/pneumoniamnist_imagefolder_subset/val/0/00471.png,0,0.09846600890159607,0.17166396975517273,0.09846600890159607,0.17166396975517273,0.4817086458206177,0.5182912945747375,0.4817086458206177,0.5182912945747375,0.0,0.0,0.0,0.0,1,1,1,1
120,/data/wyb/pneumoniamnist_imagefolder_subset/val/0/00476.png,0,-0.09135646373033524,0.3292408287525177,-0.09135646373033524,0.3292408287525177,0.39637383818626404,0.6036261916160583,0.39637383818626404,0.6036261916160583,0.0,0.0,0.0,0.0,1,1,1,1
121,/data/wyb/pneumoniamnist_imagefolder_subset/val/0/00478.png,0,0.08165876567363739,0.19321772456169128,0.08165876567363739,0.19321772456169128,0.4721391499042511,0.5278608798980713,0.4721391499042511,0.5278608798980713,0.0,0.0,0.0,0.0,1,1,1,1
122,/data/wyb/pneumoniamnist_imagefolder_subset/val/0/00479.png,0,-0.07573665678501129,0.32648688554763794,-0.07573665678501129,0.32648688554763794,0.40077823400497437,0.5992217659950256,0.40077823400497437,0.5992217659950256,0.0,0.0,0.0,0.0,1,1,1,1
123,/data/wyb/pneumoniamnist_imagefolder_subset/val/0/00483.png,0,0.006843377370387316,0.2517634332180023,0.006843377370387316,0.2517634332180023,0.43907424807548523,0.5609257817268372,0.43907424807548523,0.5609257817268372,0.0,0.0,0.0,0.0,1,1,1,1
124,/data/wyb/pneumoniamnist_imagefolder_subset/val/0/00484.png,0,-0.15110144019126892,0.374584823846817,-0.15110144019126892,0.374584823846817,0.37152358889579773,0.6284764409065247,0.37152358889579773,0.6284764409065247,0.0,0.0,0.0,0.0,1,1,1,1
125,/data/wyb/pneumoniamnist_imagefolder_subset/val/0/00490.png,0,-0.2570509910583496,0.47046858072280884,-0.2570509910583496,0.47046858072280884,0.3257392644882202,0.6742607355117798,0.3257392644882202,0.6742607355117798,0.0,0.0,0.0,0.0,1,1,1,1
126,/data/wyb/pneumoniamnist_imagefolder_subset/val/0/00491.png,0,-0.06229068711400032,0.3014165759086609,-0.06229068711400032,0.3014165759086609,0.41006243228912354,0.5899375677108765,0.41006243228912354,0.5899375677108765,0.0,0.0,0.0,0.0,1,1,1,1
127,/data/wyb/pneumoniamnist_imagefolder_subset/val/0/00496.png,0,-0.06257489323616028,0.30884429812431335,-0.06257489323616028,0.30884429812431335,0.40819814801216125,0.5918018817901611,0.40819814801216125,0.5918018817901611,0.0,0.0,0.0,0.0,1,1,1,1
128,/data/wyb/pneumoniamnist_imagefolder_subset/val/0/00498.png,0,-0.018061239272356033,0.2702101469039917,-0.018061239272356033,0.2702101469039917,0.4284270703792572,0.5715728402137756,0.4284270703792572,0.5715728402137756,0.0,0.0,0.0,0.0,1,1,1,1
129,/data/wyb/pneumoniamnist_imagefolder_subset/val/0/00500.png,0,0.022948896512389183,0.23112520575523376,0.022948896512389183,0.23112520575523376,0.44814303517341614,0.5518569350242615,0.44814303517341614,0.5518569350242615,0.0,0.0,0.0,0.0,1,1,1,1
130,/data/wyb/pneumoniamnist_imagefolder_subset/val/0/00502.png,0,0.036776378750801086,0.23336829245090485,0.036776378750801086,0.23336829245090485,0.45100972056388855,0.5489903092384338,0.45100972056388855,0.5489903092384338,0.0,0.0,0.0,0.0,1,1,1,1
131,/data/wyb/pneumoniamnist_imagefolder_subset/val/0/00505.png,0,0.009534571319818497,0.24210789799690247,0.009534571319818497,0.24210789799690247,0.4421173334121704,0.5578826665878296,0.4421173334121704,0.5578826665878296,0.0,0.0,0.0,0.0,1,1,1,1
132,/data/wyb/pneumoniamnist_imagefolder_subset/val/0/00509.png,0,-0.17409315705299377,0.3886338472366333,-0.17409315705299377,0.3886338472366333,0.3629167377948761,0.6370832920074463,0.3629167377948761,0.6370832920074463,0.0,0.0,0.0,0.0,1,1,1,1
133,/data/wyb/pneumoniamnist_imagefolder_subset/val/0/00519.png,0,-0.042016979306936264,0.2920656204223633,-0.042016979306936264,0.2920656204223633,0.41724756360054016,0.5827524065971375,0.41724756360054016,0.5827524065971375,0.0,0.0,0.0,0.0,1,1,1,1
134,/data/wyb/pneumoniamnist_imagefolder_subset/val/0/00522.png,0,0.02760474383831024,0.23409269750118256,0.02760474383831024,0.23409269750118256,0.4485606253147125,0.5514393448829651,0.4485606253147125,0.5514393448829651,0.0,0.0,0.0,0.0,1,1,1,1
135,/data/wyb/pneumoniamnist_imagefolder_subset/val/1/00000.png,1,-0.5324922204017639,0.7338488101959229,-0.5324922204017639,0.7338488101959229,0.2198842465877533,0.7801157236099243,0.2198842465877533,0.7801157236099243,0.0,0.0,0.0,0.0,1,1,1,1
136,/data/wyb/pneumoniamnist_imagefolder_subset/val/1/00001.png,1,-0.29997193813323975,0.4967847168445587,-0.29997193813323975,0.4967847168445587,0.31071972846984863,0.6892802119255066,0.31071972846984863,0.6892802119255066,0.0,0.0,0.0,0.0,1,1,1,1
137,/data/wyb/pneumoniamnist_imagefolder_subset/val/1/00002.png,1,-0.4336931109428406,0.6276389956474304,-0.4336931109428406,0.6276389956474304,0.2570549547672272,0.7429450154304504,0.2570549547672272,0.7429450154304504,0.0,0.0,0.0,0.0,1,1,1,1
138,/data/wyb/pneumoniamnist_imagefolder_subset/val/1/00004.png,1,-0.33800074458122253,0.5384841561317444,-0.33800074458122253,0.5384841561317444,0.29390671849250793,0.7060932517051697,0.29390671849250793,0.7060932517051697,0.0,0.0,0.0,0.0,1,1,1,1
139,/data/wyb/pneumoniamnist_imagefolder_subset/val/1/00005.png,1,-0.33002588152885437,0.5291928648948669,-0.33002588152885437,0.5291928648948669,0.2975026071071625,0.7024974226951599,0.2975026071071625,0.7024974226951599,0.0,0.0,0.0,0.0,1,1,1,1
140,/data/wyb/pneumoniamnist_imagefolder_subset/val/1/00006.png,1,-0.33538129925727844,0.5404665470123291,-0.33538129925727844,0.5404665470123291,0.2940389811992645,0.7059611082077026,0.2940389811992645,0.7059611082077026,0.0,0.0,0.0,0.0,1,1,1,1
141,/data/wyb/pneumoniamnist_imagefolder_subset/val/1/00008.png,1,-0.44700226187705994,0.6457127928733826,-0.44700226187705994,0.6457127928733826,0.2511073648929596,0.7488926649093628,0.2511073648929596,0.7488926649093628,0.0,0.0,0.0,0.0,1,1,1,1
142,/data/wyb/pneumoniamnist_imagefolder_subset/val/1/00009.png,1,-0.08460838347673416,0.3173774182796478,-0.08460838347673416,0.3173774182796478,0.4008353352546692,0.5991646647453308,0.4008353352546692,0.5991646647453308,0.0,0.0,0.0,0.0,1,1,1,1
143,/data/wyb/pneumoniamnist_imagefolder_subset/val/1/00010.png,1,-0.5195471048355103,0.7174348831176758,-0.5195471048355103,0.7174348831176758,0.2249617576599121,0.7750382423400879,0.2249617576599121,0.7750382423400879,0.0,0.0,0.0,0.0,1,1,1,1
144,/data/wyb/pneumoniamnist_imagefolder_subset/val/1/00012.png,1,-0.40078073740005493,0.6018324494361877,-0.40078073740005493,0.6018324494361877,0.26842793822288513,0.7315720915794373,0.26842793822288513,0.7315720915794373,0.0,0.0,0.0,0.0,1,1,1,1
145,/data/wyb/pneumoniamnist_imagefolder_subset/val/1/00013.png,1,-0.5326607823371887,0.734045684337616,-0.5326607823371887,0.734045684337616,0.21982157230377197,0.780178427696228,0.21982157230377197,0.780178427696228,0.0,0.0,0.0,0.0,1,1,1,1
146,/data/wyb/pneumoniamnist_imagefolder_subset/val/1/00015.png,1,-0.37523117661476135,0.5799563527107239,-0.37523117661476135,0.5799563527107239,0.27784276008605957,0.7221572399139404,0.27784276008605957,0.7221572399139404,0.0,0.0,0.0,0.0,1,1,1,1
147,/data/wyb/pneumoniamnist_imagefolder_subset/val/1/00016.png,1,-0.20754598081111908,0.4395609498023987,-0.20754598081111908,0.4395609498023987,0.3436417877674103,0.6563582420349121,0.3436417877674103,0.6563582420349121,0.0,0.0,0.0,0.0,1,1,1,1
148,/data/wyb/pneumoniamnist_imagefolder_subset/val/1/00017.png,1,-0.3171640634536743,0.5272483229637146,-0.3171640634536743,0.5272483229637146,0.30060628056526184,0.6993936896324158,0.30060628056526184,0.6993936896324158,0.0,0.0,0.0,0.0,1,1,1,1
149,/data/wyb/pneumoniamnist_imagefolder_subset/val/1/00018.png,1,-0.4406353235244751,0.6369920372962952,-0.4406353235244751,0.6369920372962952,0.25395527482032776,0.7460447549819946,0.25395527482032776,0.7460447549819946,0.0,0.0,0.0,0.0,1,1,1,1
150,/data/wyb/pneumoniamnist_imagefolder_subset/val/1/00019.png,1,-0.4341318607330322,0.6336497068405151,-0.4341318607330322,0.6336497068405151,0.2558251917362213,0.7441748380661011,0.2558251917362213,0.7441748380661011,0.0,0.0,0.0,0.0,1,1,1,1
151,/data/wyb/pneumoniamnist_imagefolder_subset/val/1/00020.png,1,-0.3616849482059479,0.5573638677597046,-0.3616849482059479,0.5573638677597046,0.28515174984931946,0.7148482203483582,0.28515174984931946,0.7148482203483582,0.0,0.0,0.0,0.0,1,1,1,1
152,/data/wyb/pneumoniamnist_imagefolder_subset/val/1/00021.png,1,-0.43817296624183655,0.6380758881568909,-0.43817296624183655,0.6380758881568909,0.2542165219783783,0.7457834482192993,0.2542165219783783,0.7457834482192993,0.0,0.0,0.0,0.0,1,1,1,1
153,/data/wyb/pneumoniamnist_imagefolder_subset/val/1/00023.png,1,-0.42584940791130066,0.6270476579666138,-0.42584940791130066,0.6270476579666138,0.2586691677570343,0.7413308620452881,0.2586691677570343,0.7413308620452881,0.0,0.0,0.0,0.0,1,1,1,1
154,/data/wyb/pneumoniamnist_imagefolder_subset/val/1/00024.png,1,-0.15687716007232666,0.3931230306625366,-0.15687716007232666,0.3931230306625366,0.3658643662929535,0.6341356039047241,0.3658643662929535,0.6341356039047241,0.0,0.0,0.0,0.0,1,1,1,1
155,/data/wyb/pneumoniamnist_imagefolder_subset/val/1/00025.png,1,-0.264944851398468,0.4831511080265045,-0.264944851398468,0.4831511080265045,0.3212363123893738,0.6787636876106262,0.3212363123893738,0.6787636876106262,0.0,0.0,0.0,0.0,1,1,1,1
156,/data/wyb/pneumoniamnist_imagefolder_subset/val/1/00026.png,1,-0.3614775538444519,0.5666759014129639,-0.3614775538444519,0.5666759014129639,0.2832994759082794,0.7167004942893982,0.2832994759082794,0.7167004942893982,0.0,0.0,0.0,0.0,1,1,1,1
157,/data/wyb/pneumoniamnist_imagefolder_subset/val/1/00027.png,1,-0.5270820260047913,0.7278079986572266,-0.5270820260047913,0.7278079986572266,0.2218548208475113,0.7781451940536499,0.2218548208475113,0.7781451940536499,0.0,0.0,0.0,0.0,1,1,1,1
158,/data/wyb/pneumoniamnist_imagefolder_subset/val/1/00029.png,1,-0.244066059589386,0.4680822193622589,-0.244066059589386,0.4680822193622589,0.3291243314743042,0.6708756685256958,0.3291243314743042,0.6708756685256958,0.0,0.0,0.0,0.0,1,1,1,1
159,/data/wyb/pneumoniamnist_imagefolder_subset/val/1/00032.png,1,-0.3104014992713928,0.5205034017562866,-0.3104014992713928,0.5205034017562866,0.3034537732601166,0.6965462565422058,0.3034537732601166,0.6965462565422058,0.0,0.0,0.0,0.0,1,1,1,1
160,/data/wyb/pneumoniamnist_imagefolder_subset/val/1/00034.png,1,-0.3680182695388794,0.5662558078765869,-0.3680182695388794,0.5662558078765869,0.2820584177970886,0.7179416418075562,0.2820584177970886,0.7179416418075562,0.0,0.0,0.0,0.0,1,1,1,1
161,/data/wyb/pneumoniamnist_imagefolder_subset/val/1/00036.png,1,-0.5830532908439636,0.8072063326835632,-0.5830532908439636,0.8072063326835632,0.19936631619930267,0.8006336688995361,0.19936631619930267,0.8006336688995361,0.0,0.0,0.0,0.0,1,1,1,1
162,/data/wyb/pneumoniamnist_imagefolder_subset/val/1/00039.png,1,-0.4287486970424652,0.6235858201980591,-0.4287486970424652,0.6235858201980591,0.25877705216407776,0.7412229180335999,0.25877705216407776,0.7412229180335999,0.0,0.0,0.0,0.0,1,1,1,1
163,/data/wyb/pneumoniamnist_imagefolder_subset/val/1/00041.png,1,-0.5009165406227112,0.6972879767417908,-0.5009165406227112,0.6972879767417908,0.23179477453231812,0.7682052254676819,0.23179477453231812,0.7682052254676819,0.0,0.0,0.0,0.0,1,1,1,1
164,/data/wyb/pneumoniamnist_imagefolder_subset/val/1/00042.png,1,-0.48231998085975647,0.6785964965820312,-0.48231998085975647,0.6785964965820312,0.23850078880786896,0.7614991664886475,0.23850078880786896,0.7614991664886475,0.0,0.0,0.0,0.0,1,1,1,1
165,/data/wyb/pneumoniamnist_imagefolder_subset/val/1/00043.png,1,-0.5055199861526489,0.7040913105010986,-0.5055199861526489,0.7040913105010986,0.22976984083652496,0.770230233669281,0.22976984083652496,0.770230233669281,0.0,0.0,0.0,0.0,1,1,1,1
166,/data/wyb/pneumoniamnist_imagefolder_subset/val/1/00044.png,1,-0.37427836656570435,0.5782760977745056,-0.37427836656570435,0.5782760977745056,0.2783713936805725,0.7216286063194275,0.2783713936805725,0.7216286063194275,0.0,0.0,0.0,0.0,1,1,1,1
167,/data/wyb/pneumoniamnist_imagefolder_subset/val/1/00047.png,1,-0.38576701283454895,0.5847619771957397,-0.38576701283454895,0.5847619771957397,0.27477505803108215,0.7252248525619507,0.27477505803108215,0.7252248525619507,0.0,0.0,0.0,0.0,1,1,1,1
168,/data/wyb/pneumoniamnist_imagefolder_subset/val/1/00048.png,1,-0.39729657769203186,0.5961337685585022,-0.39729657769203186,0.5961337685585022,0.2702350318431854,0.7297649383544922,0.2702350318431854,0.7297649383544922,0.0,0.0,0.0,0.0,1,1,1,1
169,/data/wyb/pneumoniamnist_imagefolder_subset/val/1/00050.png,1,-0.14484000205993652,0.38681378960609436,-0.14484000205993652,0.38681378960609436,0.370131254196167,0.629868745803833,0.370131254196167,0.629868745803833,0.0,0.0,0.0,0.0,1,1,1,1
170,/data/wyb/pneumoniamnist_imagefolder_subset/val/1/00051.png,1,-0.3844977915287018,0.588420033454895,-0.3844977915287018,0.588420033454895,0.274299293756485,0.7257006764411926,0.274299293756485,0.7257006764411926,0.0,0.0,0.0,0.0,1,1,1,1
171,/data/wyb/pneumoniamnist_imagefolder_subset/val/1/00053.png,1,-0.287087082862854,0.4972778260707855,-0.287087082862854,0.4972778260707855,0.3133799135684967,0.6866201162338257,0.3133799135684967,0.6866201162338257,0.0,0.0,0.0,0.0,1,1,1,1
172,/data/wyb/pneumoniamnist_imagefolder_subset/val/1/00054.png,1,-0.26773208379745483,0.4895455241203308,-0.26773208379745483,0.4895455241203308,0.319237619638443,0.6807624101638794,0.319237619638443,0.6807624101638794,0.0,0.0,0.0,0.0,1,1,1,1
173,/data/wyb/pneumoniamnist_imagefolder_subset/val/1/00056.png,1,-0.23969623446464539,0.45372143387794495,-0.23969623446464539,0.45372143387794495,0.3332732319831848,0.6667267680168152,0.3332732319831848,0.6667267680168152,0.0,0.0,0.0,0.0,1,1,1,1
174,/data/wyb/pneumoniamnist_imagefolder_subset/val/1/00057.png,1,-0.559371829032898,0.7647390365600586,-0.559371829032898,0.7647390365600586,0.21013516187667847,0.7898648381233215,0.21013516187667847,0.7898648381233215,0.0,0.0,0.0,0.0,1,1,1,1
175,/data/wyb/pneumoniamnist_imagefolder_subset/val/1/00058.png,1,-0.39931392669677734,0.6005102396011353,-0.39931392669677734,0.6005102396011353,0.26897600293159485,0.7310240268707275,0.26897600293159485,0.7310240268707275,0.0,0.0,0.0,0.0,1,1,1,1
176,/data/wyb/pneumoniamnist_imagefolder_subset/val/1/00059.png,1,-0.12569938600063324,0.3755567669868469,-0.12569938600063324,0.3755567669868469,0.3772455155849457,0.6227545142173767,0.3772455155849457,0.6227545142173767,0.0,0.0,0.0,0.0,1,1,1,1
177,/data/wyb/pneumoniamnist_imagefolder_subset/val/1/00060.png,1,-0.4195789694786072,0.6247891783714294,-0.4195789694786072,0.6247891783714294,0.26030802726745605,0.7396919131278992,0.26030802726745605,0.7396919131278992,0.0,0.0,0.0,0.0,1,1,1,1
178,/data/wyb/pneumoniamnist_imagefolder_subset/val/1/00061.png,1,-0.49726369976997375,0.6950569748878479,-0.49726369976997375,0.6950569748878479,0.23284414410591125,0.7671558260917664,0.23284414410591125,0.7671558260917664,0.0,0.0,0.0,0.0,1,1,1,1
179,/data/wyb/pneumoniamnist_imagefolder_subset/val/1/00062.png,1,-0.2987244129180908,0.5072866678237915,-0.2987244129180908,0.5072866678237915,0.30874115228652954,0.6912588477134705,0.30874115228652954,0.6912588477134705,0.0,0.0,0.0,0.0,1,1,1,1
180,/data/wyb/pneumoniamnist_imagefolder_subset/val/1/00063.png,1,-0.4014991819858551,0.6081556677818298,-0.4014991819858551,0.6081556677818298,0.2670474052429199,0.7329525947570801,0.2670474052429199,0.7329525947570801,0.0,0.0,0.0,0.0,1,1,1,1
181,/data/wyb/pneumoniamnist_imagefolder_subset/val/1/00064.png,1,-0.5313535332679749,0.7340517044067383,-0.5313535332679749,0.7340517044067383,0.2200448215007782,0.7799551486968994,0.2200448215007782,0.7799551486968994,0.0,0.0,0.0,0.0,1,1,1,1
182,/data/wyb/pneumoniamnist_imagefolder_subset/val/1/00065.png,1,-0.11692039668560028,0.367490291595459,-0.11692039668560028,0.367490291595459,0.38121113181114197,0.6187888383865356,0.38121113181114197,0.6187888383865356,0.0,0.0,0.0,0.0,1,1,1,1
183,/data/wyb/pneumoniamnist_imagefolder_subset/val/1/00066.png,1,-0.3958999812602997,0.6019739508628845,-0.3958999812602997,0.6019739508628845,0.26935964822769165,0.7306404113769531,0.26935964822769165,0.7306404113769531,0.0,0.0,0.0,0.0,1,1,1,1
184,/data/wyb/pneumoniamnist_imagefolder_subset/val/1/00067.png,1,-0.403516948223114,0.6052045226097107,-0.403516948223114,0.6052045226097107,0.2672301232814789,0.7327698469161987,0.2672301232814789,0.7327698469161987,0.0,0.0,0.0,0.0,1,1,1,1
185,/data/wyb/pneumoniamnist_imagefolder_subset/val/1/00068.png,1,-0.37454381585121155,0.5771100521087646,-0.37454381585121155,0.5771100521087646,0.2785523533821106,0.7214476466178894,0.2785523533821106,0.7214476466178894,0.0,0.0,0.0,0.0,1,1,1,1
186,/data/wyb/pneumoniamnist_imagefolder_subset/val/1/00070.png,1,-0.3456970751285553,0.5441330075263977,-0.3456970751285553,0.5441330075263977,0.29114487767219543,0.7088550925254822,0.29114487767219543,0.7088550925254822,0.0,0.0,0.0,0.0,1,1,1,1
187,/data/wyb/pneumoniamnist_imagefolder_subset/val/1/00071.png,1,-0.43875008821487427,0.632012665271759,-0.43875008821487427,0.632012665271759,0.25525805354118347,0.7447419762611389,0.25525805354118347,0.7447419762611389,0.0,0.0,0.0,0.0,1,1,1,1
188,/data/wyb/pneumoniamnist_imagefolder_subset/val/1/00073.png,1,-0.23886702954769135,0.46267613768577576,-0.23886702954769135,0.46267613768577576,0.33147019147872925,0.6685298085212708,0.33147019147872925,0.6685298085212708,0.0,0.0,0.0,0.0,1,1,1,1
189,/data/wyb/pneumoniamnist_imagefolder_subset/val/1/00075.png,1,-0.46047189831733704,0.6582673788070679,-0.46047189831733704,0.6582673788070679,0.24624522030353546,0.7537547945976257,0.24624522030353546,0.7537547945976257,0.0,0.0,0.0,0.0,1,1,1,1
190,/data/wyb/pneumoniamnist_imagefolder_subset/val/1/00076.png,1,-0.376414954662323,0.5761551260948181,-0.376414954662323,0.5761551260948181,0.2783682346343994,0.7216317057609558,0.2783682346343994,0.7216317057609558,0.0,0.0,0.0,0.0,1,1,1,1
191,/data/wyb/pneumoniamnist_imagefolder_subset/val/1/00077.png,1,-0.24971382319927216,0.4697580933570862,-0.24971382319927216,0.4697580933570862,0.3275092840194702,0.6724907159805298,0.3275092840194702,0.6724907159805298,0.0,0.0,0.0,0.0,1,1,1,1
192,/data/wyb/pneumoniamnist_imagefolder_subset/val/1/00078.png,1,-0.4325864613056183,0.6339149475097656,-0.4325864613056183,0.6339149475097656,0.25606900453567505,0.7439310550689697,0.25606900453567505,0.7439310550689697,0.0,0.0,0.0,0.0,1,1,1,1
193,/data/wyb/pneumoniamnist_imagefolder_subset/val/1/00079.png,1,-0.5124404430389404,0.7109801769256592,-0.5124404430389404,0.7109801769256592,0.22733505070209503,0.7726649641990662,0.22733505070209503,0.7726649641990662,0.0,0.0,0.0,0.0,1,1,1,1
194,/data/wyb/pneumoniamnist_imagefolder_subset/val/1/00080.png,1,-0.5953450798988342,0.8268811702728271,-0.5953450798988342,0.8268811702728271,0.19431282579898834,0.8056871891021729,0.19431282579898834,0.8056871891021729,0.0,0.0,0.0,0.0,1,1,1,1
195,/data/wyb/pneumoniamnist_imagefolder_subset/val/1/00082.png,1,-0.36416691541671753,0.5688551664352417,-0.36416691541671753,0.5688551664352417,0.2823120057582855,0.7176880240440369,0.2823120057582855,0.7176880240440369,0.0,0.0,0.0,0.0,1,1,1,1
196,/data/wyb/pneumoniamnist_imagefolder_subset/val/1/00084.png,1,-0.16111718118190765,0.38664132356643677,-0.16111718118190765,0.38664132356643677,0.3663846552371979,0.6336154341697693,0.3663846552371979,0.6336154341697693,0.0,0.0,0.0,0.0,1,1,1,1
197,/data/wyb/pneumoniamnist_imagefolder_subset/val/1/00085.png,1,-0.45003044605255127,0.6466943621635437,-0.45003044605255127,0.6466943621635437,0.2503540515899658,0.7496458888053894,0.2503540515899658,0.7496458888053894,0.0,0.0,0.0,0.0,1,1,1,1
198,/data/wyb/pneumoniamnist_imagefolder_subset/val/1/00086.png,1,-0.2885761260986328,0.5048995018005371,-0.2885761260986328,0.5048995018005371,0.3114228844642639,0.6885771155357361,0.3114228844642639,0.6885771155357361,0.0,0.0,0.0,0.0,1,1,1,1
199,/data/wyb/pneumoniamnist_imagefolder_subset/val/1/00087.png,1,-0.22298426926136017,0.4496118128299713,-0.22298426926136017,0.4496118128299713,0.3379157483577728,0.66208416223526,0.3379157483577728,0.66208416223526,0.0,0.0,0.0,0.0,1,1,1,1
200,/data/wyb/pneumoniamnist_imagefolder_subset/val/1/00088.png,1,-0.5509973168373108,0.7603492140769958,-0.5509973168373108,0.7603492140769958,0.2122616022825241,0.7877383828163147,0.2122616022825241,0.7877383828163147,0.0,0.0,0.0,0.0,1,1,1,1
201,/data/wyb/pneumoniamnist_imagefolder_subset/val/1/00089.png,1,-0.44552093744277954,0.6438576579093933,-0.44552093744277954,0.6438576579093933,0.25173529982566833,0.7482646703720093,0.25173529982566833,0.7482646703720093,0.0,0.0,0.0,0.0,1,1,1,1
202,/data/wyb/pneumoniamnist_imagefolder_subset/val/1/00091.png,1,-0.4851173162460327,0.6820000410079956,-0.4851173162460327,0.6820000410079956,0.23737643659114838,0.7626236081123352,0.23737643659114838,0.7626236081123352,0.0,0.0,0.0,0.0,1,1,1,1
203,/data/wyb/pneumoniamnist_imagefolder_subset/val/1/00092.png,1,-0.3628706634044647,0.572975218296051,-0.3628706634044647,0.572975218296051,0.2817402482032776,0.7182598114013672,0.2817402482032776,0.7182598114013672,0.0,0.0,0.0,0.0,1,1,1,1
204,/data/wyb/pneumoniamnist_imagefolder_subset/val/1/00094.png,1,-0.5904751420021057,0.8259820342063904,-0.5904751420021057,0.8259820342063904,0.19521759450435638,0.8047824501991272,0.19521759450435638,0.8047824501991272,0.0,0.0,0.0,0.0,1,1,1,1
205,/data/wyb/pneumoniamnist_imagefolder_subset/val/1/00095.png,1,-0.4797195792198181,0.676484227180481,-0.4797195792198181,0.676484227180481,0.23935776948928833,0.7606422305107117,0.23935776948928833,0.7606422305107117,0.0,0.0,0.0,0.0,1,1,1,1
206,/data/wyb/pneumoniamnist_imagefolder_subset/val/1/00096.png,1,-0.17528708279132843,0.38972675800323486,-0.17528708279132843,0.38972675800323486,0.36238816380500793,0.6376118659973145,0.36238816380500793,0.6376118659973145,0.0,0.0,0.0,0.0,1,1,1,1
207,/data/wyb/pneumoniamnist_imagefolder_subset/val/1/00097.png,1,-0.18376973271369934,0.4172070622444153,-0.18376973271369934,0.4172070622444153,0.35412025451660156,0.6458797454833984,0.35412025451660156,0.6458797454833984,0.0,0.0,0.0,0.0,1,1,1,1
208,/data/wyb/pneumoniamnist_imagefolder_subset/val/1/00098.png,1,-0.4734516143798828,0.6702922582626343,-0.4734516143798828,0.6702922582626343,0.24163363873958588,0.7583663463592529,0.24163363873958588,0.7583663463592529,0.0,0.0,0.0,0.0,1,1,1,1
209,/data/wyb/pneumoniamnist_imagefolder_subset/val/1/00099.png,1,-0.49954965710639954,0.6983581781387329,-0.49954965710639954,0.6983581781387329,0.2318475991487503,0.7681523561477661,0.2318475991487503,0.7681523561477661,0.0,0.0,0.0,0.0,1,1,1,1
210,/data/wyb/pneumoniamnist_imagefolder_subset/val/1/00100.png,1,-0.5115932822227478,0.7099177241325378,-0.5115932822227478,0.7099177241325378,0.22767065465450287,0.7723293304443359,0.22767065465450287,0.7723293304443359,0.0,0.0,0.0,0.0,1,1,1,1
211,/data/wyb/pneumoniamnist_imagefolder_subset/val/1/00101.png,1,-0.44220247864723206,0.6402742862701416,-0.44220247864723206,0.6402742862701416,0.25303760170936584,0.7469623684883118,0.25303760170936584,0.7469623684883118,0.0,0.0,0.0,0.0,1,1,1,1
212,/data/wyb/pneumoniamnist_imagefolder_subset/val/1/00102.png,1,-0.5161641836166382,0.7210561037063599,-0.5161641836166382,0.7210561037063599,0.22492019832134247,0.7750797867774963,0.22492019832134247,0.7750797867774963,0.0,0.0,0.0,0.0,1,1,1,1
213,/data/wyb/pneumoniamnist_imagefolder_subset/val/1/00103.png,1,-0.29230135679244995,0.5064560770988464,-0.29230135679244995,0.5064560770988464,0.3102913796901703,0.6897086501121521,0.3102913796901703,0.6897086501121521,0.0,0.0,0.0,0.0,1,1,1,1
214,/data/wyb/pneumoniamnist_imagefolder_subset/val/1/00104.png,1,-0.4136122763156891,0.6122804880142212,-0.4136122763156891,0.6122804880142212,0.2638811469078064,0.7361188530921936,0.2638811469078064,0.7361188530921936,0.0,0.0,0.0,0.0,1,1,1,1
215,/data/wyb/pneumoniamnist_imagefolder_subset/val/1/00105.png,1,-0.4788081645965576,0.6762904524803162,-0.4788081645965576,0.6762904524803162,0.23955902457237244,0.7604409456253052,0.23955902457237244,0.7604409456253052,0.0,0.0,0.0,0.0,1,1,1,1
216,/data/wyb/pneumoniamnist_imagefolder_subset/val/1/00107.png,1,-0.3891955018043518,0.5874335169792175,-0.3891955018043518,0.5874335169792175,0.27356117963790894,0.7264388799667358,0.27356117963790894,0.7264388799667358,0.0,0.0,0.0,0.0,1,1,1,1
217,/data/wyb/pneumoniamnist_imagefolder_subset/val/1/00108.png,1,-0.41706064343452454,0.6129248738288879,-0.41706064343452454,0.6129248738288879,0.2630869150161743,0.7369130849838257,0.2630869150161743,0.7369130849838257,0.0,0.0,0.0,0.0,1,1,1,1
218,/data/wyb/pneumoniamnist_imagefolder_subset/val/1/00109.png,1,-0.3742617964744568,0.5756401419639587,-0.3742617964744568,0.5756401419639587,0.278904527425766,0.7210954427719116,0.278904527425766,0.7210954427719116,0.0,0.0,0.0,0.0,1,1,1,1
219,/data/wyb/pneumoniamnist_imagefolder_subset/val/1/00110.png,1,-0.24323488771915436,0.47091758251190186,-0.24323488771915436,0.47091758251190186,0.32868194580078125,0.6713180541992188,0.32868194580078125,0.6713180541992188,0.0,0.0,0.0,0.0,1,1,1,1
220,/data/wyb/pneumoniamnist_imagefolder_subset/val/1/00111.png,1,-0.34496575593948364,0.5551609992980957,-0.34496575593948364,0.5551609992980957,0.2890244722366333,0.7109755873680115,0.2890244722366333,0.7109755873680115,0.0,0.0,0.0,0.0,1,1,1,1
221,/data/wyb/pneumoniamnist_imagefolder_subset/val/1/00112.png,1,-0.441071093082428,0.63363116979599,-0.441071093082428,0.63363116979599,0.254509836435318,0.7454900741577148,0.254509836435318,0.7454900741577148,0.0,0.0,0.0,0.0,1,1,1,1
222,/data/wyb/pneumoniamnist_imagefolder_subset/val/1/00113.png,1,-0.36389678716659546,0.5698594450950623,-0.36389678716659546,0.5698594450950623,0.28216326236724854,0.7178366780281067,0.28216326236724854,0.7178366780281067,0.0,0.0,0.0,0.0,1,1,1,1
223,/data/wyb/pneumoniamnist_imagefolder_subset/val/1/00115.png,1,-0.13818809390068054,0.37412387132644653,-0.13818809390068054,0.37412387132644653,0.374651700258255,0.6253482699394226,0.374651700258255,0.6253482699394226,0.0,0.0,0.0,0.0,1,1,1,1
224,/data/wyb/pneumoniamnist_imagefolder_subset/val/1/00116.png,1,-0.19254127144813538,0.4287562668323517,-0.19254127144813538,0.4287562668323517,0.34948641061782837,0.6505135893821716,0.34948641061782837,0.6505135893821716,0.0,0.0,0.0,0.0,1,1,1,1
225,/data/wyb/pneumoniamnist_imagefolder_subset/val/1/00117.png,1,-0.2321045845746994,0.4562228322029114,-0.2321045845746994,0.4562228322029114,0.3344052731990814,0.665594756603241,0.3344052731990814,0.665594756603241,0.0,0.0,0.0,0.0,1,1,1,1
226,/data/wyb/pneumoniamnist_imagefolder_subset/val/1/00119.png,1,-0.4374912977218628,0.6368734836578369,-0.4374912977218628,0.6368734836578369,0.25457391142845154,0.7454261183738708,0.25457391142845154,0.7454261183738708,0.0,0.0,0.0,0.0,1,1,1,1
227,/data/wyb/pneumoniamnist_imagefolder_subset/val/1/00120.png,1,-0.31388863921165466,0.5176035165786743,-0.31388863921165466,0.5176035165786743,0.3033296465873718,0.6966703534126282,0.3033296465873718,0.6966703534126282,0.0,0.0,0.0,0.0,1,1,1,1
228,/data/wyb/pneumoniamnist_imagefolder_subset/val/1/00121.png,1,-0.26729610562324524,0.4904152750968933,-0.26729610562324524,0.4904152750968933,0.3191433548927307,0.6808566451072693,0.3191433548927307,0.6808566451072693,0.0,0.0,0.0,0.0,1,1,1,1
229,/data/wyb/pneumoniamnist_imagefolder_subset/val/1/00122.png,1,-0.38438740372657776,0.5774427652359009,-0.38438740372657776,0.5774427652359009,0.27651190757751465,0.7234880328178406,0.27651190757751465,0.7234880328178406,0.0,0.0,0.0,0.0,1,1,1,1
230,/data/wyb/pneumoniamnist_imagefolder_subset/val/1/00123.png,1,-0.45897209644317627,0.6578388214111328,-0.45897209644317627,0.6578388214111328,0.24660331010818481,0.7533966898918152,0.24660331010818481,0.7533966898918152,0.0,0.0,0.0,0.0,1,1,1,1
231,/data/wyb/pneumoniamnist_imagefolder_subset/val/1/00125.png,1,-0.3323303759098053,0.5369800925254822,-0.3323303759098053,0.5369800925254822,0.2953978180885315,0.7046022415161133,0.2953978180885315,0.7046022415161133,0.0,0.0,0.0,0.0,1,1,1,1
232,/data/wyb/pneumoniamnist_imagefolder_subset/val/1/00126.png,1,-0.38221630454063416,0.584104597568512,-0.38221630454063416,0.584104597568512,0.2756144404411316,0.7243855595588684,0.2756144404411316,0.7243855595588684,0.0,0.0,0.0,0.0,1,1,1,1
233,/data/wyb/pneumoniamnist_imagefolder_subset/val/1/00127.png,1,-0.5730600953102112,0.7864035367965698,-0.5730600953102112,0.7864035367965698,0.20432747900485992,0.7956724762916565,0.20432747900485992,0.7956724762916565,0.0,0.0,0.0,0.0,1,1,1,1
234,/data/wyb/pneumoniamnist_imagefolder_subset/val/1/00128.png,1,-0.3438398838043213,0.5570247769355774,-0.3438398838043213,0.5570247769355774,0.2888728380203247,0.7111271619796753,0.2888728380203247,0.7111271619796753,0.0,0.0,0.0,0.0,1,1,1,1
235,/data/wyb/pneumoniamnist_imagefolder_subset/val/1/00129.png,1,-0.5175748467445374,0.7172833681106567,-0.5175748467445374,0.7172833681106567,0.22533224523067474,0.7746677994728088,0.22533224523067474,0.7746677994728088,0.0,0.0,0.0,0.0,1,1,1,1
236,/data/wyb/pneumoniamnist_imagefolder_subset/val/1/00133.png,1,-0.4779968559741974,0.6744465231895447,-0.4779968559741974,0.6744465231895447,0.240043044090271,0.7599568963050842,0.240043044090271,0.7599568963050842,0.0,0.0,0.0,0.0,1,1,1,1
237,/data/wyb/pneumoniamnist_imagefolder_subset/val/1/00134.png,1,-0.3118745684623718,0.5215423107147217,-0.3118745684623718,0.5215423107147217,0.3029230833053589,0.6970769166946411,0.3029230833053589,0.6970769166946411,0.0,0.0,0.0,0.0,1,1,1,1
238,/data/wyb/pneumoniamnist_imagefolder_subset/val/1/00136.png,1,-0.23241747915744781,0.4570978283882141,-0.23241747915744781,0.4570978283882141,0.33414092659950256,0.6658591032028198,0.33414092659950256,0.6658591032028198,0.0,0.0,0.0,0.0,1,1,1,1
239,/data/wyb/pneumoniamnist_imagefolder_subset/val/1/00137.png,1,-0.24220284819602966,0.4517821967601776,-0.24220284819602966,0.4517821967601776,0.33314716815948486,0.6668528318405151,0.33314716815948486,0.6668528318405151,0.0,0.0,0.0,0.0,1,1,1,1
240,/data/wyb/pneumoniamnist_imagefolder_subset/val/1/00138.png,1,-0.22444038093090057,0.44464051723480225,-0.22444038093090057,0.44464051723480225,0.33870264887809753,0.6612973213195801,0.33870264887809753,0.6612973213195801,0.0,0.0,0.0,0.0,1,1,1,1
241,/data/wyb/pneumoniamnist_imagefolder_subset/val/1/00139.png,1,-0.4077067971229553,0.6094701290130615,-0.4077067971229553,0.6094701290130615,0.26557767391204834,0.7344222664833069,0.26557767391204834,0.7344222664833069,0.0,0.0,0.0,0.0,1,1,1,1
242,/data/wyb/pneumoniamnist_imagefolder_subset/val/1/00140.png,1,-0.40649110078811646,0.6115184426307678,-0.40649110078811646,0.6115184426307678,0.2654153108596802,0.7345847487449646,0.2654153108596802,0.7345847487449646,0.0,0.0,0.0,0.0,1,1,1,1
243,/data/wyb/pneumoniamnist_imagefolder_subset/val/1/00141.png,1,-0.5183319449424744,0.717299222946167,-0.5183319449424744,0.717299222946167,0.22519735991954803,0.7748026847839355,0.22519735991954803,0.7748026847839355,0.0,0.0,0.0,0.0,1,1,1,1
244,/data/wyb/pneumoniamnist_imagefolder_subset/val/1/00142.png,1,-0.23172828555107117,0.45420053601264954,-0.23172828555107117,0.45420053601264954,0.3349393308162689,0.6650606393814087,0.3349393308162689,0.6650606393814087,0.0,0.0,0.0,0.0,1,1,1,1
245,/data/wyb/pneumoniamnist_imagefolder_subset/val/1/00143.png,1,-0.2490091621875763,0.4564143419265747,-0.2490091621875763,0.4564143419265747,0.33061087131500244,0.6693891286849976,0.33061087131500244,0.6693891286849976,0.0,0.0,0.0,0.0,1,1,1,1
246,/data/wyb/pneumoniamnist_imagefolder_subset/val/1/00144.png,1,-0.2583996653556824,0.47802069783210754,-0.2583996653556824,0.47802069783210754,0.3237873911857605,0.6762126088142395,0.3237873911857605,0.6762126088142395,0.0,0.0,0.0,0.0,1,1,1,1
247,/data/wyb/pneumoniamnist_imagefolder_subset/val/1/00145.png,1,-0.47589388489723206,0.6723059415817261,-0.47589388489723206,0.6723059415817261,0.24081802368164062,0.7591819167137146,0.24081802368164062,0.7591819167137146,0.0,0.0,0.0,0.0,1,1,1,1
248,/data/wyb/pneumoniamnist_imagefolder_subset/val/1/00146.png,1,-0.42921531200408936,0.631566047668457,-0.42921531200408936,0.631566047668457,0.25716015696525574,0.7428398132324219,0.25716015696525574,0.7428398132324219,0.0,0.0,0.0,0.0,1,1,1,1
249,/data/wyb/pneumoniamnist_imagefolder_subset/val/1/00148.png,1,-0.2151118367910385,0.43862417340278625,-0.2151118367910385,0.43862417340278625,0.3421481251716614,0.6578518748283386,0.3421481251716614,0.6578518748283386,0.0,0.0,0.0,0.0,1,1,1,1
250,/data/wyb/pneumoniamnist_imagefolder_subset/val/1/00149.png,1,-0.25967615842819214,0.48397454619407654,-0.25967615842819214,0.48397454619407654,0.3222063481807709,0.6777936220169067,0.3222063481807709,0.6777936220169067,0.0,0.0,0.0,0.0,1,1,1,1
251,/data/wyb/pneumoniamnist_imagefolder_subset/val/1/00150.png,1,-0.4211795926094055,0.6135426759719849,-0.4211795926094055,0.6135426759719849,0.26216962933540344,0.737830400466919,0.26216962933540344,0.737830400466919,0.0,0.0,0.0,0.0,1,1,1,1
252,/data/wyb/pneumoniamnist_imagefolder_subset/val/1/00152.png,1,-0.48893848061561584,0.6855577230453491,-0.48893848061561584,0.6855577230453491,0.23604324460029602,0.7639567255973816,0.23604324460029602,0.7639567255973816,0.0,0.0,0.0,0.0,1,1,1,1
253,/data/wyb/pneumoniamnist_imagefolder_subset/val/1/00153.png,1,-0.4656621515750885,0.6677152514457703,-0.4656621515750885,0.6677152514457703,0.24353834986686707,0.7564616799354553,0.24353834986686707,0.7564616799354553,0.0,0.0,0.0,0.0,1,1,1,1
254,/data/wyb/pneumoniamnist_imagefolder_subset/val/1/00154.png,1,-0.4814751148223877,0.6766045689582825,-0.4814751148223877,0.6766045689582825,0.23901639878749847,0.7609835863113403,0.23901639878749847,0.7609835863113403,0.0,0.0,0.0,0.0,1,1,1,1
255,/data/wyb/pneumoniamnist_imagefolder_subset/val/1/00156.png,1,-0.07632357627153397,0.323866605758667,-0.07632357627153397,0.323866605758667,0.4012666642665863,0.5987333655357361,0.4012666642665863,0.5987333655357361,0.0,0.0,0.0,0.0,1,1,1,1
256,/data/wyb/pneumoniamnist_imagefolder_subset/val/1/00158.png,1,-0.5671747922897339,0.7816247940063477,-0.5671747922897339,0.7816247940063477,0.20606669783592224,0.7939333319664001,0.20606669783592224,0.7939333319664001,0.0,0.0,0.0,0.0,1,1,1,1
257,/data/wyb/pneumoniamnist_imagefolder_subset/val/1/00160.png,1,-0.20801550149917603,0.43593937158584595,-0.20801550149917603,0.43593937158584595,0.3443530797958374,0.6556469202041626,0.3443530797958374,0.6556469202041626,0.0,0.0,0.0,0.0,1,1,1,1
258,/data/wyb/pneumoniamnist_imagefolder_subset/val/1/00161.png,1,-0.44829028844833374,0.6454017162322998,-0.44829028844833374,0.6454017162322998,0.25092369318008423,0.7490763664245605,0.25092369318008423,0.7490763664245605,0.0,0.0,0.0,0.0,1,1,1,1
259,/data/wyb/pneumoniamnist_imagefolder_subset/val/1/00162.png,1,-0.5089365243911743,0.7064031958580017,-0.5089365243911743,0.7064031958580017,0.22875761985778809,0.7712423801422119,0.22875761985778809,0.7712423801422119,0.0,0.0,0.0,0.0,1,1,1,1
260,/data/wyb/pneumoniamnist_imagefolder_subset/val/1/00163.png,1,-0.2413741797208786,0.458728551864624,-0.2413741797208786,0.458728551864624,0.33178943395614624,0.668210506439209,0.33178943395614624,0.668210506439209,0.0,0.0,0.0,0.0,1,1,1,1
261,/data/wyb/pneumoniamnist_imagefolder_subset/val/1/00165.png,1,-0.33094149827957153,0.5448938012123108,-0.33094149827957153,0.5448938012123108,0.29404154419898987,0.7059584856033325,0.29404154419898987,0.7059584856033325,0.0,0.0,0.0,0.0,1,1,1,1
262,/data/wyb/pneumoniamnist_imagefolder_subset/val/1/00166.png,1,-0.3406203091144562,0.5383384227752686,-0.3406203091144562,0.5383384227752686,0.293393611907959,0.706606388092041,0.293393611907959,0.706606388092041,0.0,0.0,0.0,0.0,1,1,1,1
263,/data/wyb/pneumoniamnist_imagefolder_subset/val/1/00167.png,1,-0.34985965490341187,0.5582457780838013,-0.34985965490341187,0.5582457780838013,0.2873876988887787,0.7126123309135437,0.2873876988887787,0.7126123309135437,0.0,0.0,0.0,0.0,1,1,1,1
264,/data/wyb/pneumoniamnist_imagefolder_subset/val/1/00169.png,1,-0.47477057576179504,0.6750497221946716,-0.47477057576179504,0.6750497221946716,0.2405218929052353,0.7594780921936035,0.2405218929052353,0.7594780921936035,0.0,0.0,0.0,0.0,1,1,1,1
265,/data/wyb/pneumoniamnist_imagefolder_subset/val/1/00170.png,1,-0.13919267058372498,0.3714601993560791,-0.13919267058372498,0.3714601993560791,0.3750404715538025,0.6249595284461975,0.3750404715538025,0.6249595284461975,0.0,0.0,0.0,0.0,1,1,1,1
266,/data/wyb/pneumoniamnist_imagefolder_subset/val/1/00172.png,1,-0.19607947766780853,0.429583340883255,-0.19607947766780853,0.429583340883255,0.34849461913108826,0.6515053510665894,0.34849461913108826,0.6515053510665894,0.0,0.0,0.0,0.0,1,1,1,1
267,/data/wyb/pneumoniamnist_imagefolder_subset/val/1/00175.png,1,-0.32381299138069153,0.5354405045509338,-0.32381299138069153,0.5354405045509338,0.2974953055381775,0.7025046348571777,0.2974953055381775,0.7025046348571777,0.0,0.0,0.0,0.0,1,1,1,1
268,/data/wyb/pneumoniamnist_imagefolder_subset/val/1/00176.png,1,-0.4394451975822449,0.6331768035888672,-0.4394451975822449,0.6331768035888672,0.25490477681159973,0.7450952529907227,0.25490477681159973,0.7450952529907227,0.0,0.0,0.0,0.0,1,1,1,1
269,/data/wyb/pneumoniamnist_imagefolder_subset/val/1/00178.png,1,-0.18400157988071442,0.4085787832736969,-0.18400157988071442,0.4085787832736969,0.3560430109500885,0.6439569592475891,0.3560430109500885,0.6439569592475891,0.0,0.0,0.0,0.0,1,1,1,1
270,/data/wyb/pneumoniamnist_imagefolder_subset/val/1/00179.png,1,-0.4857419431209564,0.6846426725387573,-0.4857419431209564,0.6846426725387573,0.23678545653820038,0.7632144689559937,0.23678545653820038,0.7632144689559937,0.0,0.0,0.0,0.0,1,1,1,1
271,/data/wyb/pneumoniamnist_imagefolder_subset/val/1/00180.png,1,-0.43894949555397034,0.635796844959259,-0.43894949555397034,0.635796844959259,0.2545015215873718,0.745498538017273,0.2545015215873718,0.745498538017273,0.0,0.0,0.0,0.0,1,1,1,1
272,/data/wyb/pneumoniamnist_imagefolder_subset/val/1/00181.png,1,-0.44824928045272827,0.6471829414367676,-0.44824928045272827,0.6471829414367676,0.25059670209884644,0.7494032382965088,0.25059670209884644,0.7494032382965088,0.0,0.0,0.0,0.0,1,1,1,1
273,/data/wyb/pneumoniamnist_imagefolder_subset/val/1/00182.png,1,-0.36287716031074524,0.5577647686004639,-0.36287716031074524,0.5577647686004639,0.2848271131515503,0.7151728868484497,0.2848271131515503,0.7151728868484497,0.0,0.0,0.0,0.0,1,1,1,1
274,/data/wyb/pneumoniamnist_imagefolder_subset/val/1/00183.png,1,-0.5007898807525635,0.6970477104187012,-0.5007898807525635,0.6970477104187012,0.23186011612415314,0.7681398391723633,0.23186011612415314,0.7681398391723633,0.0,0.0,0.0,0.0,1,1,1,1
275,/data/wyb/pneumoniamnist_imagefolder_subset/val/1/00184.png,1,-0.29192355275154114,0.5022282600402832,-0.29192355275154114,0.5022282600402832,0.31127792596817017,0.6887221336364746,0.31127792596817017,0.6887221336364746,0.0,0.0,0.0,0.0,1,1,1,1
276,/data/wyb/pneumoniamnist_imagefolder_subset/val/1/00186.png,1,-0.3101668655872345,0.5093221068382263,-0.3101668655872345,0.5093221068382263,0.3058721423149109,0.6941278576850891,0.3058721423149109,0.6941278576850891,0.0,0.0,0.0,0.0,1,1,1,1
277,/data/wyb/pneumoniamnist_imagefolder_subset/val/1/00187.png,1,-0.4336230754852295,0.6290533542633057,-0.4336230754852295,0.6290533542633057,0.25679832696914673,0.7432016730308533,0.25679832696914673,0.7432016730308533,0.0,0.0,0.0,0.0,1,1,1,1
278,/data/wyb/pneumoniamnist_imagefolder_subset/val/1/00188.png,1,-0.21501044929027557,0.42387881875038147,-0.21501044929027557,0.42387881875038147,0.34549766778945923,0.654502272605896,0.34549766778945923,0.654502272605896,0.0,0.0,0.0,0.0,1,1,1,1
279,/data/wyb/pneumoniamnist_imagefolder_subset/val/1/00191.png,1,-0.41462627053260803,0.6115637421607971,-0.41462627053260803,0.6115637421607971,0.26382341980934143,0.736176609992981,0.26382341980934143,0.736176609992981,0.0,0.0,0.0,0.0,1,1,1,1
280,/data/wyb/pneumoniamnist_imagefolder_subset/val/1/00194.png,1,-0.4811628758907318,0.6831402778625488,-0.4811628758907318,0.6831402778625488,0.23788626492023468,0.7621137499809265,0.23788626492023468,0.7621137499809265,0.0,0.0,0.0,0.0,1,1,1,1
281,/data/wyb/pneumoniamnist_imagefolder_subset/val/1/00195.png,1,-0.4618845283985138,0.6596522331237793,-0.4618845283985138,0.6596522331237793,0.24572637677192688,0.7542737126350403,0.24572637677192688,0.7542737126350403,0.0,0.0,0.0,0.0,1,1,1,1
282,/data/wyb/pneumoniamnist_imagefolder_subset/val/1/00196.png,1,-0.44389888644218445,0.6432456970214844,-0.44389888644218445,0.6432456970214844,0.2521563768386841,0.7478436827659607,0.2521563768386841,0.7478436827659607,0.0,0.0,0.0,0.0,1,1,1,1
283,/data/wyb/pneumoniamnist_imagefolder_subset/val/1/00197.png,1,-0.4971250295639038,0.6965174078941345,-0.4971250295639038,0.6965174078941345,0.2326081395149231,0.7673919200897217,0.2326081395149231,0.7673919200897217,0.0,0.0,0.0,0.0,1,1,1,1
284,/data/wyb/pneumoniamnist_imagefolder_subset/val/1/00200.png,1,-0.1346753090620041,0.3851296603679657,-0.1346753090620041,0.3851296603679657,0.3728978633880615,0.6271021962165833,0.3728978633880615,0.6271021962165833,0.0,0.0,0.0,0.0,1,1,1,1
285,/data/wyb/pneumoniamnist_imagefolder_subset/val/1/00206.png,1,-0.04370900243520737,0.2908017635345459,-0.04370900243520737,0.2908017635345459,0.41714349389076233,0.5828565359115601,0.41714349389076233,0.5828565359115601,0.0,0.0,0.0,0.0,1,1,1,1
286,/data/wyb/pneumoniamnist_imagefolder_subset/val/1/00207.png,1,-0.292999804019928,0.4993392527103424,-0.292999804019928,0.4993392527103424,0.31166666746139526,0.6883333921432495,0.31166666746139526,0.6883333921432495,0.0,0.0,0.0,0.0,1,1,1,1
287,/data/wyb/pneumoniamnist_imagefolder_subset/val/1/00208.png,1,-0.489012748003006,0.6884226202964783,-0.489012748003006,0.6884226202964783,0.2355136275291443,0.7644863724708557,0.2355136275291443,0.7644863724708557,0.0,0.0,0.0,0.0,1,1,1,1
288,/data/wyb/pneumoniamnist_imagefolder_subset/val/1/00209.png,1,-0.21235883235931396,0.42759042978286743,-0.21235883235931396,0.42759042978286743,0.34525802731513977,0.6547420024871826,0.34525802731513977,0.6547420024871826,0.0,0.0,0.0,0.0,1,1,1,1
289,/data/wyb/pneumoniamnist_imagefolder_subset/val/1/00211.png,1,-0.4612589180469513,0.6620416045188904,-0.4612589180469513,0.6620416045188904,0.2453995943069458,0.754600465297699,0.2453995943069458,0.754600465297699,0.0,0.0,0.0,0.0,1,1,1,1
290,/data/wyb/pneumoniamnist_imagefolder_subset/val/1/00212.png,1,-0.45416611433029175,0.6577203273773193,-0.45416611433029175,0.6577203273773193,0.2475193589925766,0.752480685710907,0.2475193589925766,0.752480685710907,0.0,0.0,0.0,0.0,1,1,1,1
291,/data/wyb/pneumoniamnist_imagefolder_subset/val/1/00213.png,1,-0.41291356086730957,0.61097252368927,-0.41291356086730957,0.61097252368927,0.2642711400985718,0.7357288599014282,0.2642711400985718,0.7357288599014282,0.0,0.0,0.0,0.0,1,1,1,1
292,/data/wyb/pneumoniamnist_imagefolder_subset/val/1/00214.png,1,-0.25581347942352295,0.47956061363220215,-0.25581347942352295,0.47956061363220215,0.3240165412425995,0.6759834885597229,0.3240165412425995,0.6759834885597229,0.0,0.0,0.0,0.0,1,1,1,1
293,/data/wyb/pneumoniamnist_imagefolder_subset/val/1/00216.png,1,-0.005624077748507261,0.26631319522857666,-0.005624077748507261,0.26631319522857666,0.43243154883384705,0.5675684213638306,0.43243154883384705,0.5675684213638306,0.0,0.0,0.0,0.0,1,1,1,1
294,/data/wyb/pneumoniamnist_imagefolder_subset/val/1/00218.png,1,-0.15123289823532104,0.39104345440864563,-0.15123289823532104,0.39104345440864563,0.36765816807746887,0.632341742515564,0.36765816807746887,0.632341742515564,0.0,0.0,0.0,0.0,1,1,1,1
295,/data/wyb/pneumoniamnist_imagefolder_subset/val/1/00221.png,1,-0.3523123860359192,0.5625395774841309,-0.3523123860359192,0.5625395774841309,0.28600800037384033,0.7139919996261597,0.28600800037384033,0.7139919996261597,0.0,0.0,0.0,0.0,1,1,1,1
296,/data/wyb/pneumoniamnist_imagefolder_subset/val/1/00222.png,1,-0.07662546634674072,0.3211267590522766,-0.07662546634674072,0.3211267590522766,0.40185248851776123,0.598147451877594,0.40185248851776123,0.598147451877594,0.0,0.0,0.0,0.0,1,1,1,1
297,/data/wyb/pneumoniamnist_imagefolder_subset/val/1/00224.png,1,-0.23401255905628204,0.45321622490882874,-0.23401255905628204,0.45321622490882874,0.33464983105659485,0.6653501987457275,0.33464983105659485,0.6653501987457275,0.0,0.0,0.0,0.0,1,1,1,1
298,/data/wyb/pneumoniamnist_imagefolder_subset/val/1/00225.png,1,-0.2515866458415985,0.475195050239563,-0.2515866458415985,0.475195050239563,0.3259013593196869,0.6740986704826355,0.3259013593196869,0.6740986704826355,0.0,0.0,0.0,0.0,1,1,1,1
299,/data/wyb/pneumoniamnist_imagefolder_subset/val/1/00228.png,1,-0.20777970552444458,0.4281405508518219,-0.20777970552444458,0.4281405508518219,0.3461693525314331,0.6538306474685669,0.3461693525314331,0.6538306474685669,0.0,0.0,0.0,0.0,1,1,1,1
300,/data/wyb/pneumoniamnist_imagefolder_subset/val/1/00229.png,1,-0.31458815932273865,0.5249328017234802,-0.31458815932273865,0.5249328017234802,0.3016357123851776,0.6983643174171448,0.3016357123851776,0.6983643174171448,0.0,0.0,0.0,0.0,1,1,1,1
301,/data/wyb/pneumoniamnist_imagefolder_subset/val/1/00230.png,1,-0.38139477372169495,0.5848007202148438,-0.38139477372169495,0.5848007202148438,0.27563947439193726,0.7243605256080627,0.27563947439193726,0.7243605256080627,0.0,0.0,0.0,0.0,1,1,1,1
302,/data/wyb/pneumoniamnist_imagefolder_subset/val/1/00231.png,1,-0.166046142578125,0.3926677107810974,-0.166046142578125,0.3926677107810974,0.3638450801372528,0.6361548900604248,0.3638450801372528,0.6361548900604248,0.0,0.0,0.0,0.0,1,1,1,1
303,/data/wyb/pneumoniamnist_imagefolder_subset/val/1/00232.png,1,-0.47860538959503174,0.674265444278717,-0.47860538959503174,0.674265444278717,0.23996511101722717,0.7600349187850952,0.23996511101722717,0.7600349187850952,0.0,0.0,0.0,0.0,1,1,1,1
304,/data/wyb/pneumoniamnist_imagefolder_subset/val/1/00234.png,1,-0.34115085005760193,0.5489054918289185,-0.34115085005760193,0.5489054918289185,0.2910982072353363,0.7089018225669861,0.2910982072353363,0.7089018225669861,0.0,0.0,0.0,0.0,1,1,1,1
305,/data/wyb/pneumoniamnist_imagefolder_subset/val/1/00236.png,1,-0.19118519127368927,0.42046472430229187,-0.19118519127368927,0.42046472430229187,0.3516829013824463,0.6483170390129089,0.3516829013824463,0.6483170390129089,0.0,0.0,0.0,0.0,1,1,1,1
306,/data/wyb/pneumoniamnist_imagefolder_subset/val/1/00238.png,1,-0.4591541588306427,0.6537148952484131,-0.4591541588306427,0.6537148952484131,0.24733640253543854,0.7526636123657227,0.24733640253543854,0.7526636123657227,0.0,0.0,0.0,0.0,1,1,1,1
307,/data/wyb/pneumoniamnist_imagefolder_subset/val/1/00239.png,1,-0.39242029190063477,0.5884010791778564,-0.39242029190063477,0.5884010791778564,0.272728830575943,0.7272711396217346,0.272728830575943,0.7272711396217346,0.0,0.0,0.0,0.0,1,1,1,1
308,/data/wyb/pneumoniamnist_imagefolder_subset/val/1/00240.png,1,-0.473319411277771,0.6677249073982239,-0.473319411277771,0.6677249073982239,0.2421286702156067,0.7578713297843933,0.2421286702156067,0.7578713297843933,0.0,0.0,0.0,0.0,1,1,1,1
309,/data/wyb/pneumoniamnist_imagefolder_subset/val/1/00241.png,1,-0.3851057291030884,0.5962169766426086,-0.3851057291030884,0.5962169766426086,0.27262941002845764,0.7273706197738647,0.27262941002845764,0.7273706197738647,0.0,0.0,0.0,0.0,1,1,1,1
310,/data/wyb/pneumoniamnist_imagefolder_subset/val/1/00242.png,1,-0.479968786239624,0.6767804026603699,-0.479968786239624,0.6767804026603699,0.23925845324993134,0.7607415318489075,0.23925845324993134,0.7607415318489075,0.0,0.0,0.0,0.0,1,1,1,1
311,/data/wyb/pneumoniamnist_imagefolder_subset/val/1/00243.png,1,-0.3006080389022827,0.5073123574256897,-0.3006080389022827,0.5073123574256897,0.3083338141441345,0.6916661858558655,0.3083338141441345,0.6916661858558655,0.0,0.0,0.0,0.0,1,1,1,1
312,/data/wyb/pneumoniamnist_imagefolder_subset/val/1/00244.png,1,-0.3679959774017334,0.5733190774917603,-0.3679959774017334,0.5733190774917603,0.2806347906589508,0.7193651795387268,0.2806347906589508,0.7193651795387268,0.0,0.0,0.0,0.0,1,1,1,1
313,/data/wyb/pneumoniamnist_imagefolder_subset/val/1/00245.png,1,-0.19673489034175873,0.42866769433021545,-0.19673489034175873,0.42866769433021545,0.34855371713638306,0.6514462828636169,0.34855371713638306,0.6514462828636169,0.0,0.0,0.0,0.0,1,1,1,1
314,/data/wyb/pneumoniamnist_imagefolder_subset/val/1/00246.png,1,-0.37921392917633057,0.5892791152000427,-0.37921392917633057,0.5892791152000427,0.27518096566200256,0.724819004535675,0.27518096566200256,0.724819004535675,0.0,0.0,0.0,0.0,1,1,1,1
315,/data/wyb/pneumoniamnist_imagefolder_subset/val/1/00247.png,1,-0.4690106213092804,0.6668816208839417,-0.4690106213092804,0.6668816208839417,0.24307534098625183,0.7569246292114258,0.24307534098625183,0.7569246292114258,0.0,0.0,0.0,0.0,1,1,1,1
316,/data/wyb/pneumoniamnist_imagefolder_subset/val/1/00249.png,1,-0.5472244024276733,0.7523316740989685,-0.5472244024276733,0.7523316740989685,0.21423973143100739,0.785760223865509,0.21423973143100739,0.785760223865509,0.0,0.0,0.0,0.0,1,1,1,1
317,/data/wyb/pneumoniamnist_imagefolder_subset/val/1/00250.png,1,-0.5062658786773682,0.7021539211273193,-0.5062658786773682,0.7021539211273193,0.22998076677322388,0.7700192332267761,0.22998076677322388,0.7700192332267761,0.0,0.0,0.0,0.0,1,1,1,1
318,/data/wyb/pneumoniamnist_imagefolder_subset/val/1/00253.png,1,-0.239974707365036,0.44681859016418457,-0.239974707365036,0.44681859016418457,0.3347468078136444,0.665253221988678,0.3347468078136444,0.665253221988678,0.0,0.0,0.0,0.0,1,1,1,1
319,/data/wyb/pneumoniamnist_imagefolder_subset/val/1/00255.png,1,-0.2108161598443985,0.4440581798553467,-0.2108161598443985,0.4440581798553467,0.34189194440841675,0.6581079959869385,0.34189194440841675,0.6581079959869385,0.0,0.0,0.0,0.0,1,1,1,1
320,/data/wyb/pneumoniamnist_imagefolder_subset/val/1/00256.png,1,-0.218471959233284,0.4492397904396057,-0.218471959233284,0.4492397904396057,0.33900943398475647,0.6609905958175659,0.33900943398475647,0.6609905958175659,0.0,0.0,0.0,0.0,1,1,1,1
321,/data/wyb/pneumoniamnist_imagefolder_subset/val/1/00257.png,1,-0.28668683767318726,0.5017115473747253,-0.28668683767318726,0.5017115473747253,0.31251269578933716,0.6874873638153076,0.31251269578933716,0.6874873638153076,0.0,0.0,0.0,0.0,1,1,1,1
322,/data/wyb/pneumoniamnist_imagefolder_subset/val/1/00258.png,1,-0.43327128887176514,0.6318543553352356,-0.43327128887176514,0.6318543553352356,0.2563311457633972,0.743668794631958,0.2563311457633972,0.743668794631958,0.0,0.0,0.0,0.0,1,1,1,1
323,/data/wyb/pneumoniamnist_imagefolder_subset/val/1/00260.png,1,-0.3303202986717224,0.5452912449836731,-0.3303202986717224,0.5452912449836731,0.2940880060195923,0.7059119939804077,0.2940880060195923,0.7059119939804077,0.0,0.0,0.0,0.0,1,1,1,1
324,/data/wyb/pneumoniamnist_imagefolder_subset/val/1/00261.png,1,-0.17445863783359528,0.408786416053772,-0.17445863783359528,0.408786416053772,0.3581862151622772,0.6418136954307556,0.3581862151622772,0.6418136954307556,0.0,0.0,0.0,0.0,1,1,1,1
325,/data/wyb/pneumoniamnist_imagefolder_subset/val/1/00262.png,1,-0.422341912984848,0.6278206706047058,-0.422341912984848,0.6278206706047058,0.25919389724731445,0.7408061027526855,0.25919389724731445,0.7408061027526855,0.0,0.0,0.0,0.0,1,1,1,1
326,/data/wyb/pneumoniamnist_imagefolder_subset/val/1/00263.png,1,-0.547156035900116,0.7496023178100586,-0.547156035900116,0.7496023178100586,0.21471108496189117,0.78528892993927,0.21471108496189117,0.78528892993927,0.0,0.0,0.0,0.0,1,1,1,1
327,/data/wyb/pneumoniamnist_imagefolder_subset/val/1/00264.png,1,-0.4154750406742096,0.618954598903656,-0.4154750406742096,0.618954598903656,0.2622262239456177,0.7377737760543823,0.2622262239456177,0.7377737760543823,0.0,0.0,0.0,0.0,1,1,1,1
328,/data/wyb/pneumoniamnist_imagefolder_subset/val/1/00265.png,1,-0.12663322687149048,0.3631683588027954,-0.12663322687149048,0.3631683588027954,0.37994033098220825,0.6200597286224365,0.37994033098220825,0.6200597286224365,0.0,0.0,0.0,0.0,1,1,1,1
329,/data/wyb/pneumoniamnist_imagefolder_subset/val/1/00266.png,1,-0.23995161056518555,0.4625326693058014,-0.23995161056518555,0.4625326693058014,0.33126166462898254,0.6687383055686951,0.33126166462898254,0.6687383055686951,0.0,0.0,0.0,0.0,1,1,1,1
330,/data/wyb/pneumoniamnist_imagefolder_subset/val/1/00267.png,1,-0.4764752686023712,0.6727942228317261,-0.4764752686023712,0.6727942228317261,0.24062255024909973,0.7593774199485779,0.24062255024909973,0.7593774199485779,0.0,0.0,0.0,0.0,1,1,1,1
331,/data/wyb/pneumoniamnist_imagefolder_subset/val/1/00268.png,1,-0.4833641052246094,0.6803256273269653,-0.4833641052246094,0.6803256273269653,0.23799745738506317,0.7620024681091309,0.23799745738506317,0.7620024681091309,0.0,0.0,0.0,0.0,1,1,1,1
332,/data/wyb/pneumoniamnist_imagefolder_subset/val/1/00269.png,1,-0.37878966331481934,0.5818254351615906,-0.37878966331481934,0.5818254351615906,0.27675506472587585,0.7232449650764465,0.27675506472587585,0.7232449650764465,0.0,0.0,0.0,0.0,1,1,1,1
333,/data/wyb/pneumoniamnist_imagefolder_subset/val/1/00270.png,1,-0.4776090085506439,0.6718199253082275,-0.4776090085506439,0.6718199253082275,0.24059340357780457,0.759406566619873,0.24059340357780457,0.759406566619873,0.0,0.0,0.0,0.0,1,1,1,1
334,/data/wyb/pneumoniamnist_imagefolder_subset/val/1/00271.png,1,-0.28703126311302185,0.49534040689468384,-0.28703126311302185,0.49534040689468384,0.31380897760391235,0.6861910223960876,0.31380897760391235,0.6861910223960876,0.0,0.0,0.0,0.0,1,1,1,1
335,/data/wyb/pneumoniamnist_imagefolder_subset/val/1/00272.png,1,-0.4486348628997803,0.6441141366958618,-0.4486348628997803,0.6441141366958618,0.25110095739364624,0.748898983001709,0.25110095739364624,0.748898983001709,0.0,0.0,0.0,0.0,1,1,1,1
336,/data/wyb/pneumoniamnist_imagefolder_subset/val/1/00273.png,1,-0.4381880760192871,0.6334709525108337,-0.4381880760192871,0.6334709525108337,0.2550877034664154,0.744912326335907,0.2550877034664154,0.744912326335907,0.0,0.0,0.0,0.0,1,1,1,1
337,/data/wyb/pneumoniamnist_imagefolder_subset/val/1/00274.png,1,-0.15644428133964539,0.38113704323768616,-0.15644428133964539,0.38113704323768616,0.3687504231929779,0.6312496066093445,0.3687504231929779,0.6312496066093445,0.0,0.0,0.0,0.0,1,1,1,1
338,/data/wyb/pneumoniamnist_imagefolder_subset/val/1/00275.png,1,-0.30858665704727173,0.5222444534301758,-0.30858665704727173,0.5222444534301758,0.30346935987472534,0.6965306401252747,0.30346935987472534,0.6965306401252747,0.0,0.0,0.0,0.0,1,1,1,1
339,/data/wyb/pneumoniamnist_imagefolder_subset/val/1/00276.png,1,-0.420587956905365,0.616777241230011,-0.420587956905365,0.616777241230011,0.2616586983203888,0.7383413314819336,0.2616586983203888,0.7383413314819336,0.0,0.0,0.0,0.0,1,1,1,1
340,/data/wyb/pneumoniamnist_imagefolder_subset/val/1/00277.png,1,-0.2632405459880829,0.4814807176589966,-0.2632405459880829,0.4814807176589966,0.3219725787639618,0.6780273914337158,0.3219725787639618,0.6780273914337158,0.0,0.0,0.0,0.0,1,1,1,1
341,/data/wyb/pneumoniamnist_imagefolder_subset/val/1/00278.png,1,-0.2538222670555115,0.47335004806518555,-0.2538222670555115,0.47335004806518555,0.3258155286312103,0.6741844415664673,0.3258155286312103,0.6741844415664673,0.0,0.0,0.0,0.0,1,1,1,1
342,/data/wyb/pneumoniamnist_imagefolder_subset/val/1/00279.png,1,-0.439275860786438,0.6430097222328186,-0.439275860786438,0.6430097222328186,0.25307372212409973,0.7469262480735779,0.25307372212409973,0.7469262480735779,0.0,0.0,0.0,0.0,1,1,1,1
343,/data/wyb/pneumoniamnist_imagefolder_subset/val/1/00280.png,1,-0.5670258402824402,0.7849008440971375,-0.5670258402824402,0.7849008440971375,0.20555555820465088,0.7944444417953491,0.20555555820465088,0.7944444417953491,0.0,0.0,0.0,0.0,1,1,1,1
344,/data/wyb/pneumoniamnist_imagefolder_subset/val/1/00282.png,1,-0.3344576060771942,0.5435531735420227,-0.3344576060771942,0.5435531735420227,0.29359015822410583,0.7064098119735718,0.29359015822410583,0.7064098119735718,0.0,0.0,0.0,0.0,1,1,1,1
345,/data/wyb/pneumoniamnist_imagefolder_subset/val/1/00283.png,1,-0.2979740798473358,0.5021835565567017,-0.2979740798473358,0.5021835565567017,0.3099918067455292,0.6900082230567932,0.3099918067455292,0.6900082230567932,0.0,0.0,0.0,0.0,1,1,1,1
346,/data/wyb/pneumoniamnist_imagefolder_subset/val/1/00285.png,1,-0.3869975805282593,0.5949999690055847,-0.3869975805282593,0.5949999690055847,0.2724955976009369,0.7275043725967407,0.2724955976009369,0.7275043725967407,0.0,0.0,0.0,0.0,1,1,1,1
347,/data/wyb/pneumoniamnist_imagefolder_subset/val/1/00286.png,1,-0.4339912533760071,0.6358054280281067,-0.4339912533760071,0.6358054280281067,0.2554417550563812,0.7445582747459412,0.2554417550563812,0.7445582747459412,0.0,0.0,0.0,0.0,1,1,1,1
348,/data/wyb/pneumoniamnist_imagefolder_subset/val/1/00289.png,1,-0.39066532254219055,0.5906895399093628,-0.39066532254219055,0.5906895399093628,0.2726230323314667,0.7273769974708557,0.2726230323314667,0.7273769974708557,0.0,0.0,0.0,0.0,1,1,1,1
349,/data/wyb/pneumoniamnist_imagefolder_subset/val/1/00290.png,1,-0.32857632637023926,0.5377225875854492,-0.32857632637023926,0.5377225875854492,0.29602497816085815,0.7039749622344971,0.29602497816085815,0.7039749622344971,0.0,0.0,0.0,0.0,1,1,1,1
350,/data/wyb/pneumoniamnist_imagefolder_subset/val/1/00291.png,1,-0.5472375154495239,0.7559905052185059,-0.5472375154495239,0.7559905052185059,0.21362225711345673,0.7863777875900269,0.21362225711345673,0.7863777875900269,0.0,0.0,0.0,0.0,1,1,1,1
351,/data/wyb/pneumoniamnist_imagefolder_subset/val/1/00292.png,1,-0.2683257460594177,0.4851920008659363,-0.2683257460594177,0.4851920008659363,0.3200553059577942,0.6799447536468506,0.3200553059577942,0.6799447536468506,0.0,0.0,0.0,0.0,1,1,1,1
352,/data/wyb/pneumoniamnist_imagefolder_subset/val/1/00294.png,1,-0.4231482744216919,0.6194509267807007,-0.4231482744216919,0.6194509267807007,0.26064878702163696,0.739351212978363,0.26064878702163696,0.739351212978363,0.0,0.0,0.0,0.0,1,1,1,1
353,/data/wyb/pneumoniamnist_imagefolder_subset/val/1/00297.png,1,-0.4508553445339203,0.6485782861709595,-0.4508553445339203,0.6485782861709595,0.24984602630138397,0.7501539587974548,0.24984602630138397,0.7501539587974548,0.0,0.0,0.0,0.0,1,1,1,1
354,/data/wyb/pneumoniamnist_imagefolder_subset/val/1/00300.png,1,-0.5100127458572388,0.7079520225524902,-0.5100127458572388,0.7079520225524902,0.22829480469226837,0.771705150604248,0.22829480469226837,0.771705150604248,0.0,0.0,0.0,0.0,1,1,1,1
355,/data/wyb/pneumoniamnist_imagefolder_subset/val/1/00301.png,1,-0.46770572662353516,0.6676328182220459,-0.46770572662353516,0.6676328182220459,0.24317722022533417,0.7568227052688599,0.24317722022533417,0.7568227052688599,0.0,0.0,0.0,0.0,1,1,1,1
356,/data/wyb/pneumoniamnist_imagefolder_subset/val/1/00302.png,1,-0.48703786730766296,0.6840466856956482,-0.48703786730766296,0.6840466856956482,0.2366590052843094,0.7633410096168518,0.2366590052843094,0.7633410096168518,0.0,0.0,0.0,0.0,1,1,1,1
357,/data/wyb/pneumoniamnist_imagefolder_subset/val/1/00303.png,1,-0.2925941050052643,0.5130921006202698,-0.2925941050052643,0.5130921006202698,0.3088105022907257,0.6911895275115967,0.3088105022907257,0.6911895275115967,0.0,0.0,0.0,0.0,1,1,1,1
358,/data/wyb/pneumoniamnist_imagefolder_subset/val/1/00304.png,1,-0.26638007164001465,0.4795444905757904,-0.26638007164001465,0.4795444905757904,0.32170993089675903,0.6782900094985962,0.32170993089675903,0.6782900094985962,0.0,0.0,0.0,0.0,1,1,1,1
359,/data/wyb/pneumoniamnist_imagefolder_subset/val/1/00305.png,1,-0.1008632481098175,0.33670538663864136,-0.1008632481098175,0.33670538663864136,0.39232051372528076,0.607679545879364,0.39232051372528076,0.607679545879364,0.0,0.0,0.0,0.0,1,1,1,1
360,/data/wyb/pneumoniamnist_imagefolder_subset/val/1/00306.png,1,-0.3972138464450836,0.6038051247596741,-0.3972138464450836,0.6038051247596741,0.2687411308288574,0.7312588691711426,0.2687411308288574,0.7312588691711426,0.0,0.0,0.0,0.0,1,1,1,1
361,/data/wyb/pneumoniamnist_imagefolder_subset/val/1/00307.png,1,-0.2205200046300888,0.439382404088974,-0.2205200046300888,0.439382404088974,0.34076154232025146,0.6592384576797485,0.34076154232025146,0.6592384576797485,0.0,0.0,0.0,0.0,1,1,1,1
362,/data/wyb/pneumoniamnist_imagefolder_subset/val/1/00308.png,1,-0.43017637729644775,0.6294781565666199,-0.43017637729644775,0.6294781565666199,0.2573755085468292,0.7426245212554932,0.2573755085468292,0.7426245212554932,0.0,0.0,0.0,0.0,1,1,1,1
363,/data/wyb/pneumoniamnist_imagefolder_subset/val/1/00309.png,1,-0.4686472415924072,0.6665134429931641,-0.4686472415924072,0.6665134429931641,0.24320998787879944,0.756790041923523,0.24320998787879944,0.756790041923523,0.0,0.0,0.0,0.0,1,1,1,1
364,/data/wyb/pneumoniamnist_imagefolder_subset/val/1/00310.png,1,-0.5818051695823669,0.8028703927993774,-0.5818051695823669,0.8028703927993774,0.20025914907455444,0.7997408509254456,0.20025914907455444,0.7997408509254456,0.0,0.0,0.0,0.0,1,1,1,1
365,/data/wyb/pneumoniamnist_imagefolder_subset/val/1/00313.png,1,-0.35952672362327576,0.566027045249939,-0.35952672362327576,0.566027045249939,0.28382763266563416,0.7161723971366882,0.28382763266563416,0.7161723971366882,0.0,0.0,0.0,0.0,1,1,1,1
366,/data/wyb/pneumoniamnist_imagefolder_subset/val/1/00314.png,1,-0.5356708765029907,0.7371504306793213,-0.5356708765029907,0.7371504306793213,0.21877466142177582,0.781225323677063,0.21877466142177582,0.781225323677063,0.0,0.0,0.0,0.0,1,1,1,1
367,/data/wyb/pneumoniamnist_imagefolder_subset/val/1/00315.png,1,-0.09081663936376572,0.32504647970199585,-0.09081663936376572,0.32504647970199585,0.39750710129737854,0.6024929285049438,0.39750710129737854,0.6024929285049438,0.0,0.0,0.0,0.0,1,1,1,1
368,/data/wyb/pneumoniamnist_imagefolder_subset/val/1/00316.png,1,-0.060038428753614426,0.3051134943962097,-0.060038428753614426,0.3051134943962097,0.4097130000591278,0.5902869701385498,0.4097130000591278,0.5902869701385498,0.0,0.0,0.0,0.0,1,1,1,1
369,/data/wyb/pneumoniamnist_imagefolder_subset/val/1/00317.png,1,-0.27532321214675903,0.49701887369155884,-0.27532321214675903,0.49701887369155884,0.3159726858139038,0.6840273141860962,0.3159726858139038,0.6840273141860962,0.0,0.0,0.0,0.0,1,1,1,1
370,/data/wyb/pneumoniamnist_imagefolder_subset/val/1/00318.png,1,-0.15893180668354034,0.3842414319515228,-0.15893180668354034,0.3842414319515228,0.36744973063468933,0.6325502991676331,0.36744973063468933,0.6325502991676331,0.0,0.0,0.0,0.0,1,1,1,1
371,/data/wyb/pneumoniamnist_imagefolder_subset/val/1/00319.png,1,-0.18332482874393463,0.3961983621120453,-0.18332482874393463,0.3961983621120453,0.35904231667518616,0.6409576535224915,0.35904231667518616,0.6409576535224915,0.0,0.0,0.0,0.0,1,1,1,1
372,/data/wyb/pneumoniamnist_imagefolder_subset/val/1/00320.png,1,-0.3835935592651367,0.5888267755508423,-0.3835935592651367,0.5888267755508423,0.2743983268737793,0.7256016135215759,0.2743983268737793,0.7256016135215759,0.0,0.0,0.0,0.0,1,1,1,1
373,/data/wyb/pneumoniamnist_imagefolder_subset/val/1/00321.png,1,-0.47533077001571655,0.6704415082931519,-0.47533077001571655,0.6704415082931519,0.24126215279102325,0.7587378621101379,0.24126215279102325,0.7587378621101379,0.0,0.0,0.0,0.0,1,1,1,1
374,/data/wyb/pneumoniamnist_imagefolder_subset/val/1/00322.png,1,-0.19217641651630402,0.4182153344154358,-0.19217641651630402,0.4182153344154358,0.3519698679447174,0.648030161857605,0.3519698679447174,0.648030161857605,0.0,0.0,0.0,0.0,1,1,1,1
375,/data/wyb/pneumoniamnist_imagefolder_subset/val/1/00323.png,1,-0.5963889360427856,0.8367182612419128,-0.5963889360427856,0.8367182612419128,0.19261501729488373,0.8073849678039551,0.19261501729488373,0.8073849678039551,0.0,0.0,0.0,0.0,1,1,1,1
376,/data/wyb/pneumoniamnist_imagefolder_subset/val/1/00324.png,1,-0.3998306691646576,0.6035730242729187,-0.3998306691646576,0.6035730242729187,0.2682727575302124,0.7317273020744324,0.2682727575302124,0.7317273020744324,0.0,0.0,0.0,0.0,1,1,1,1
377,/data/wyb/pneumoniamnist_imagefolder_subset/val/1/00325.png,1,-0.36319828033447266,0.5577359199523926,-0.36319828033447266,0.5577359199523926,0.28476759791374207,0.7152324318885803,0.28476759791374207,0.7152324318885803,0.0,0.0,0.0,0.0,1,1,1,1
378,/data/wyb/pneumoniamnist_imagefolder_subset/val/1/00327.png,1,-0.375270277261734,0.5686861276626587,-0.375270277261734,0.5686861276626587,0.28010186553001404,0.7198981642723083,0.28010186553001404,0.7198981642723083,0.0,0.0,0.0,0.0,1,1,1,1
379,/data/wyb/pneumoniamnist_imagefolder_subset/val/1/00328.png,1,-0.5843833684921265,0.8323033452033997,-0.5843833684921265,0.8323033452033997,0.19518153369426727,0.8048185110092163,0.19518153369426727,0.8048185110092163,0.0,0.0,0.0,0.0,1,1,1,1
380,/data/wyb/pneumoniamnist_imagefolder_subset/val/1/00330.png,1,-0.4217636287212372,0.6197764873504639,-0.4217636287212372,0.6197764873504639,0.2608529329299927,0.7391470670700073,0.2608529329299927,0.7391470670700073,0.0,0.0,0.0,0.0,1,1,1,1
381,/data/wyb/pneumoniamnist_imagefolder_subset/val/1/00331.png,1,-0.5150843262672424,0.7141098380088806,-0.5150843262672424,0.7141098380088806,0.2263225018978119,0.7736775279045105,0.2263225018978119,0.7736775279045105,0.0,0.0,0.0,0.0,1,1,1,1
382,/data/wyb/pneumoniamnist_imagefolder_subset/val/1/00332.png,1,-0.03438675031065941,0.29317665100097656,-0.03438675031065941,0.29317665100097656,0.4188336133956909,0.5811663866043091,0.4188336133956909,0.5811663866043091,0.0,0.0,0.0,0.0,1,1,1,1
383,/data/wyb/pneumoniamnist_imagefolder_subset/val/1/00333.png,1,-0.3454941511154175,0.5381190180778503,-0.3454941511154175,0.5381190180778503,0.2924295961856842,0.7075704336166382,0.2924295961856842,0.7075704336166382,0.0,0.0,0.0,0.0,1,1,1,1
384,/data/wyb/pneumoniamnist_imagefolder_subset/val/1/00337.png,1,-0.3982970118522644,0.5994030833244324,-0.3982970118522644,0.5994030833244324,0.26939383149147034,0.7306061387062073,0.26939383149147034,0.7306061387062073,0.0,0.0,0.0,0.0,1,1,1,1
385,/data/wyb/pneumoniamnist_imagefolder_subset/val/1/00338.png,1,-0.302632212638855,0.5277617573738098,-0.302632212638855,0.5277617573738098,0.3035617470741272,0.696438193321228,0.3035617470741272,0.696438193321228,0.0,0.0,0.0,0.0,1,1,1,1
386,/data/wyb/pneumoniamnist_imagefolder_subset/val/1/00339.png,1,-0.448548823595047,0.6453198790550232,-0.448548823595047,0.6453198790550232,0.25089046359062195,0.7491095662117004,0.25089046359062195,0.7491095662117004,0.0,0.0,0.0,0.0,1,1,1,1
387,/data/wyb/pneumoniamnist_imagefolder_subset/val/1/00341.png,1,-0.3974648714065552,0.6000386476516724,-0.3974648714065552,0.6000386476516724,0.26943251490592957,0.730567455291748,0.26943251490592957,0.730567455291748,0.0,0.0,0.0,0.0,1,1,1,1
388,/data/wyb/pneumoniamnist_imagefolder_subset/val/1/00342.png,1,-0.13477498292922974,0.3799924850463867,-0.13477498292922974,0.3799924850463867,0.37407657504081726,0.6259233951568604,0.37407657504081726,0.6259233951568604,0.0,0.0,0.0,0.0,1,1,1,1
389,/data/wyb/pneumoniamnist_imagefolder_subset/val/1/00343.png,1,-0.47551485896110535,0.6722058057785034,-0.47551485896110535,0.6722058057785034,0.24090565741062164,0.7590943574905396,0.24090565741062164,0.7590943574905396,0.0,0.0,0.0,0.0,1,1,1,1
390,/data/wyb/pneumoniamnist_imagefolder_subset/val/1/00344.png,1,-0.1951943337917328,0.4271363615989685,-0.1951943337917328,0.4271363615989685,0.34925156831741333,0.6507484316825867,0.34925156831741333,0.6507484316825867,0.0,0.0,0.0,0.0,1,1,1,1
391,/data/wyb/pneumoniamnist_imagefolder_subset/val/1/00345.png,1,-0.44646766781806946,0.6422996520996094,-0.44646766781806946,0.6422996520996094,0.2518504858016968,0.7481495141983032,0.2518504858016968,0.7481495141983032,0.0,0.0,0.0,0.0,1,1,1,1
392,/data/wyb/pneumoniamnist_imagefolder_subset/val/1/00346.png,1,-0.24138382077217102,0.46051672101020813,-0.24138382077217102,0.46051672101020813,0.33139100670814514,0.6686090230941772,0.33139100670814514,0.6686090230941772,0.0,0.0,0.0,0.0,1,1,1,1
393,/data/wyb/pneumoniamnist_imagefolder_subset/val/1/00347.png,1,-0.3610711991786957,0.5709144473075867,-0.3610711991786957,0.5709144473075867,0.282522052526474,0.7174779772758484,0.282522052526474,0.7174779772758484,0.0,0.0,0.0,0.0,1,1,1,1
394,/data/wyb/pneumoniamnist_imagefolder_subset/val/1/00348.png,1,-0.4663967490196228,0.6621618270874023,-0.4663967490196228,0.6621618270874023,0.24442720413208008,0.7555727958679199,0.24442720413208008,0.7555727958679199,0.0,0.0,0.0,0.0,1,1,1,1
395,/data/wyb/pneumoniamnist_imagefolder_subset/val/1/00350.png,1,-0.19690249860286713,0.43188896775245667,-0.19690249860286713,0.43188896775245667,0.3477846384048462,0.6522154211997986,0.3477846384048462,0.6522154211997986,0.0,0.0,0.0,0.0,1,1,1,1
396,/data/wyb/pneumoniamnist_imagefolder_subset/val/1/00351.png,1,-0.43173855543136597,0.6312695145606995,-0.43173855543136597,0.6312695145606995,0.25673502683639526,0.7432649731636047,0.25673502683639526,0.7432649731636047,0.0,0.0,0.0,0.0,1,1,1,1
397,/data/wyb/pneumoniamnist_imagefolder_subset/val/1/00352.png,1,-0.4273875057697296,0.6262085437774658,-0.4273875057697296,0.6262085437774658,0.25853514671325684,0.7414647936820984,0.25853514671325684,0.7414647936820984,0.0,0.0,0.0,0.0,1,1,1,1
398,/data/wyb/pneumoniamnist_imagefolder_subset/val/1/00355.png,1,-0.5086615085601807,0.7069341540336609,-0.5086615085601807,0.7069341540336609,0.22871243953704834,0.7712875008583069,0.22871243953704834,0.7712875008583069,0.0,0.0,0.0,0.0,1,1,1,1
399,/data/wyb/pneumoniamnist_imagefolder_subset/val/1/00356.png,1,-0.31425681710243225,0.5268459320068359,-0.31425681710243225,0.5268459320068359,0.30130258202552795,0.6986973881721497,0.30130258202552795,0.6986973881721497,0.0,0.0,0.0,0.0,1,1,1,1
400,/data/wyb/pneumoniamnist_imagefolder_subset/val/1/00357.png,1,-0.30135107040405273,0.5060091018676758,-0.30135107040405273,0.5060091018676758,0.3084532916545868,0.6915466785430908,0.3084532916545868,0.6915466785430908,0.0,0.0,0.0,0.0,1,1,1,1
401,/data/wyb/pneumoniamnist_imagefolder_subset/val/1/00359.png,1,-0.2726789116859436,0.4881032407283783,-0.2726789116859436,0.4881032407283783,0.31847646832466125,0.6815235018730164,0.31847646832466125,0.6815235018730164,0.0,0.0,0.0,0.0,1,1,1,1
402,/data/wyb/pneumoniamnist_imagefolder_subset/val/1/00361.png,1,-0.21350111067295074,0.43674591183662415,-0.21350111067295074,0.43674591183662415,0.3429338335990906,0.6570661067962646,0.3429338335990906,0.6570661067962646,0.0,0.0,0.0,0.0,1,1,1,1
403,/data/wyb/pneumoniamnist_imagefolder_subset/val/1/00362.png,1,-0.27291613817214966,0.48867267370224,-0.27291613817214966,0.48867267370224,0.3183014392852783,0.6816986203193665,0.3183014392852783,0.6816986203193665,0.0,0.0,0.0,0.0,1,1,1,1
404,/data/wyb/pneumoniamnist_imagefolder_subset/val/1/00363.png,1,-0.40996527671813965,0.6164265275001526,-0.40996527671813965,0.6164265275001526,0.263784259557724,0.7362157702445984,0.263784259557724,0.7362157702445984,0.0,0.0,0.0,0.0,1,1,1,1
405,/data/wyb/pneumoniamnist_imagefolder_subset/val/1/00364.png,1,-0.3751989006996155,0.5829365849494934,-0.3751989006996155,0.5829365849494934,0.277251660823822,0.7227483987808228,0.277251660823822,0.7227483987808228,0.0,0.0,0.0,0.0,1,1,1,1
406,/data/wyb/pneumoniamnist_imagefolder_subset/val/1/00367.png,1,-0.41773226857185364,0.6230588555335999,-0.41773226857185364,0.6230588555335999,0.26099738478660583,0.7390026450157166,0.26099738478660583,0.7390026450157166,0.0,0.0,0.0,0.0,1,1,1,1
407,/data/wyb/pneumoniamnist_imagefolder_subset/val/1/00368.png,1,-0.2989479601383209,0.5098859667778015,-0.2989479601383209,0.5098859667778015,0.30813902616500854,0.6918609738349915,0.30813902616500854,0.6918609738349915,0.0,0.0,0.0,0.0,1,1,1,1
408,/data/wyb/pneumoniamnist_imagefolder_subset/val/1/00369.png,1,-0.4001462459564209,0.5979850888252258,-0.4001462459564209,0.5979850888252258,0.26930901408195496,0.7306910753250122,0.26930901408195496,0.7306910753250122,0.0,0.0,0.0,0.0,1,1,1,1
409,/data/wyb/pneumoniamnist_imagefolder_subset/val/1/00370.png,1,-0.39295727014541626,0.5945783853530884,-0.39295727014541626,0.5945783853530884,0.2713991105556488,0.7286009192466736,0.2713991105556488,0.7286009192466736,0.0,0.0,0.0,0.0,1,1,1,1
410,/data/wyb/pneumoniamnist_imagefolder_subset/val/1/00371.png,1,-0.3582441508769989,0.5687951445579529,-0.3582441508769989,0.5687951445579529,0.2835257649421692,0.7164742350578308,0.2835257649421692,0.7164742350578308,0.0,0.0,0.0,0.0,1,1,1,1
411,/data/wyb/pneumoniamnist_imagefolder_subset/val/1/00372.png,1,-0.4873356521129608,0.6828813552856445,-0.4873356521129608,0.6828813552856445,0.23681573569774628,0.7631841897964478,0.23681573569774628,0.7631841897964478,0.0,0.0,0.0,0.0,1,1,1,1
412,/data/wyb/pneumoniamnist_imagefolder_subset/val/1/00373.png,1,-0.16020448505878448,0.38470107316970825,-0.16020448505878448,0.38470107316970825,0.36704716086387634,0.6329528093338013,0.36704716086387634,0.6329528093338013,0.0,0.0,0.0,0.0,1,1,1,1
413,/data/wyb/pneumoniamnist_imagefolder_subset/val/1/00374.png,1,-0.19054925441741943,0.4161502718925476,-0.19054925441741943,0.4161502718925476,0.35281240940093994,0.6471875309944153,0.35281240940093994,0.6471875309944153,0.0,0.0,0.0,0.0,1,1,1,1
414,/data/wyb/pneumoniamnist_imagefolder_subset/val/1/00375.png,1,-0.5430652499198914,0.748812198638916,-0.5430652499198914,0.748812198638916,0.21553519368171692,0.7844648361206055,0.21553519368171692,0.7844648361206055,0.0,0.0,0.0,0.0,1,1,1,1
415,/data/wyb/pneumoniamnist_imagefolder_subset/val/1/00376.png,1,-0.29295408725738525,0.5016268491744995,-0.29295408725738525,0.5016268491744995,0.31118589639663696,0.688814103603363,0.31118589639663696,0.688814103603363,0.0,0.0,0.0,0.0,1,1,1,1
416,/data/wyb/pneumoniamnist_imagefolder_subset/val/1/00377.png,1,-0.323551744222641,0.5404312610626221,-0.323551744222641,0.5404312610626221,0.296507865190506,0.7034921646118164,0.296507865190506,0.7034921646118164,0.0,0.0,0.0,0.0,1,1,1,1
417,/data/wyb/pneumoniamnist_imagefolder_subset/val/1/00379.png,1,-0.43774136900901794,0.6327309608459473,-0.43774136900901794,0.6327309608459473,0.25531327724456787,0.7446867227554321,0.25531327724456787,0.7446867227554321,0.0,0.0,0.0,0.0,1,1,1,1
418,/data/wyb/pneumoniamnist_imagefolder_subset/val/1/00380.png,1,-0.29038992524147034,0.5090911388397217,-0.29038992524147034,0.5090911388397217,0.3101365566253662,0.6898634433746338,0.3101365566253662,0.6898634433746338,0.0,0.0,0.0,0.0,1,1,1,1
419,/data/wyb/pneumoniamnist_imagefolder_subset/val/1/00381.png,1,-0.3776293396949768,0.5756330490112305,-0.3776293396949768,0.5756330490112305,0.2782292068004608,0.7217708230018616,0.2782292068004608,0.7217708230018616,0.0,0.0,0.0,0.0,1,1,1,1
420,/data/wyb/pneumoniamnist_imagefolder_subset/val/1/00384.png,1,-0.19146054983139038,0.4196985960006714,-0.19146054983139038,0.4196985960006714,0.3517948091030121,0.6482051610946655,0.3517948091030121,0.6482051610946655,0.0,0.0,0.0,0.0,1,1,1,1
421,/data/wyb/pneumoniamnist_imagefolder_subset/val/1/00385.png,1,-0.17503684759140015,0.3990456163883209,-0.17503684759140015,0.3990456163883209,0.3602953553199768,0.6397046446800232,0.3602953553199768,0.6397046446800232,0.0,0.0,0.0,0.0,1,1,1,1
422,/data/wyb/pneumoniamnist_imagefolder_subset/val/1/00386.png,1,-0.17311294376850128,0.3938587009906769,-0.17311294376850128,0.3938587009906769,0.36193588376045227,0.6380640864372253,0.36193588376045227,0.6380640864372253,0.0,0.0,0.0,0.0,1,1,1,1
423,/data/wyb/pneumoniamnist_imagefolder_subset/val/1/00387.png,1,-0.37770235538482666,0.5835232734680176,-0.37770235538482666,0.5835232734680176,0.2766328752040863,0.7233671545982361,0.2766328752040863,0.7233671545982361,0.0,0.0,0.0,0.0,1,1,1,1
424,/data/wyb/pneumoniamnist_imagefolder_subset/val/1/00389.png,1,-0.4619308412075043,0.658793032169342,-0.4619308412075043,0.658793032169342,0.24587704241275787,0.7541229724884033,0.24587704241275787,0.7541229724884033,0.0,0.0,0.0,0.0,1,1,1,1
425,/data/wyb/pneumoniamnist_imagefolder_subset/val/1/00390.png,1,-0.3629552721977234,0.5741082429885864,-0.3629552721977234,0.5741082429885864,0.2814939022064209,0.7185061573982239,0.2814939022064209,0.7185061573982239,0.0,0.0,0.0,0.0,1,1,1,1
426,/data/wyb/pneumoniamnist_imagefolder_subset/val/1/00391.png,1,-0.4925403594970703,0.6894903779029846,-0.4925403594970703,0.6894903779029846,0.23468726873397827,0.7653127312660217,0.23468726873397827,0.7653127312660217,0.0,0.0,0.0,0.0,1,1,1,1
427,/data/wyb/pneumoniamnist_imagefolder_subset/val/1/00393.png,1,-0.5890716314315796,0.8094175457954407,-0.5890716314315796,0.8094175457954407,0.1980559378862381,0.8019440174102783,0.1980559378862381,0.8019440174102783,0.0,0.0,0.0,0.0,1,1,1,1
428,/data/wyb/pneumoniamnist_imagefolder_subset/val/1/00394.png,1,-0.44360271096229553,0.636927604675293,-0.44360271096229553,0.636927604675293,0.2534056603908539,0.7465943098068237,0.2534056603908539,0.7465943098068237,0.0,0.0,0.0,0.0,1,1,1,1
429,/data/wyb/pneumoniamnist_imagefolder_subset/val/1/00396.png,1,-0.17110127210617065,0.39824023842811584,-0.17110127210617065,0.39824023842811584,0.36138877272605896,0.6386111974716187,0.36138877272605896,0.6386111974716187,0.0,0.0,0.0,0.0,1,1,1,1
430,/data/wyb/pneumoniamnist_imagefolder_subset/val/1/00397.png,1,-0.5158769488334656,0.7137583494186401,-0.5158769488334656,0.7137583494186401,0.22624529898166656,0.7737547755241394,0.22624529898166656,0.7737547755241394,0.0,0.0,0.0,0.0,1,1,1,1
431,/data/wyb/pneumoniamnist_imagefolder_subset/val/1/00398.png,1,-0.39394423365592957,0.5927923917770386,-0.39394423365592957,0.5927923917770386,0.27155712246894836,0.7284428477287292,0.27155712246894836,0.7284428477287292,0.0,0.0,0.0,0.0,1,1,1,1
432,/data/wyb/pneumoniamnist_imagefolder_subset/val/1/00399.png,1,-0.4546201825141907,0.6530928611755371,-0.4546201825141907,0.6530928611755371,0.24829749763011932,0.7517024874687195,0.24829749763011932,0.7517024874687195,0.0,0.0,0.0,0.0,1,1,1,1
433,/data/wyb/pneumoniamnist_imagefolder_subset/val/1/00400.png,1,-0.49499955773353577,0.6917582750320435,-0.49499955773353577,0.6917582750320435,0.23383931815624237,0.7661607265472412,0.23383931815624237,0.7661607265472412,0.0,0.0,0.0,0.0,1,1,1,1
434,/data/wyb/pneumoniamnist_imagefolder_subset/val/1/00401.png,1,-0.2921341061592102,0.4991603195667267,-0.2921341061592102,0.4991603195667267,0.31189078092575073,0.6881092190742493,0.31189078092575073,0.6881092190742493,0.0,0.0,0.0,0.0,1,1,1,1
435,/data/wyb/pneumoniamnist_imagefolder_subset/val/1/00402.png,1,-0.48161229491233826,0.6778445243835449,-0.48161229491233826,0.6778445243835449,0.23876599967479706,0.7612339854240417,0.23876599967479706,0.7612339854240417,0.0,0.0,0.0,0.0,1,1,1,1
436,/data/wyb/pneumoniamnist_imagefolder_subset/val/1/00404.png,1,-0.5203224420547485,0.719961941242218,-0.5203224420547485,0.719961941242218,0.22438649833202362,0.77561354637146,0.22438649833202362,0.77561354637146,0.0,0.0,0.0,0.0,1,1,1,1
437,/data/wyb/pneumoniamnist_imagefolder_subset/val/1/00405.png,1,-0.4108694791793823,0.6086654663085938,-0.4108694791793823,0.6086654663085938,0.2651180028915405,0.7348820567131042,0.2651180028915405,0.7348820567131042,0.0,0.0,0.0,0.0,1,1,1,1
438,/data/wyb/pneumoniamnist_imagefolder_subset/val/1/00407.png,1,-0.3784348964691162,0.5736703276634216,-0.3784348964691162,0.5736703276634216,0.27846163511276245,0.7215383648872375,0.27846163511276245,0.7215383648872375,0.0,0.0,0.0,0.0,1,1,1,1
439,/data/wyb/pneumoniamnist_imagefolder_subset/val/1/00408.png,1,-0.2741768956184387,0.4789832830429077,-0.2741768956184387,0.4789832830429077,0.3201330900192261,0.6798668503761292,0.3201330900192261,0.6798668503761292,0.0,0.0,0.0,0.0,1,1,1,1
440,/data/wyb/pneumoniamnist_imagefolder_subset/val/1/00410.png,1,-0.4479275047779083,0.6456362009048462,-0.4479275047779083,0.6456362009048462,0.2509478032588959,0.7490522265434265,0.2509478032588959,0.7490522265434265,0.0,0.0,0.0,0.0,1,1,1,1
441,/data/wyb/pneumoniamnist_imagefolder_subset/val/1/00412.png,1,-0.40343424677848816,0.5983637571334839,-0.40343424677848816,0.5983637571334839,0.2685880661010742,0.7314119338989258,0.2685880661010742,0.7314119338989258,0.0,0.0,0.0,0.0,1,1,1,1
442,/data/wyb/pneumoniamnist_imagefolder_subset/val/1/00413.png,1,-0.4706510007381439,0.6699828505516052,-0.4706510007381439,0.6699828505516052,0.24220402538776398,0.757796049118042,0.24220402538776398,0.757796049118042,0.0,0.0,0.0,0.0,1,1,1,1
443,/data/wyb/pneumoniamnist_imagefolder_subset/val/1/00414.png,1,-0.3008710443973541,0.5181378722190857,-0.3008710443973541,0.5181378722190857,0.3059740960597992,0.6940259337425232,0.3059740960597992,0.6940259337425232,0.0,0.0,0.0,0.0,1,1,1,1
444,/data/wyb/pneumoniamnist_imagefolder_subset/val/1/00415.png,1,-0.4887077212333679,0.6864683032035828,-0.4887077212333679,0.6864683032035828,0.23592065274715424,0.7640792727470398,0.23592065274715424,0.7640792727470398,0.0,0.0,0.0,0.0,1,1,1,1
445,/data/wyb/pneumoniamnist_imagefolder_subset/val/1/00418.png,1,-0.5150337815284729,0.7120660543441772,-0.5150337815284729,0.7120660543441772,0.226689413189888,0.7733106017112732,0.226689413189888,0.7733106017112732,0.0,0.0,0.0,0.0,1,1,1,1
446,/data/wyb/pneumoniamnist_imagefolder_subset/val/1/00419.png,1,-0.2769368588924408,0.490878701210022,-0.2769368588924408,0.490878701210022,0.31695181131362915,0.6830481290817261,0.31695181131362915,0.6830481290817261,0.0,0.0,0.0,0.0,1,1,1,1
447,/data/wyb/pneumoniamnist_imagefolder_subset/val/1/00421.png,1,-0.4310966730117798,0.623817503452301,-0.4310966730117798,0.623817503452301,0.25828254222869873,0.7417174577713013,0.25828254222869873,0.7417174577713013,0.0,0.0,0.0,0.0,1,1,1,1
448,/data/wyb/pneumoniamnist_imagefolder_subset/val/1/00422.png,1,-0.42066314816474915,0.6187554597854614,-0.42066314816474915,0.6187554597854614,0.2612621784210205,0.7387378215789795,0.2612621784210205,0.7387378215789795,0.0,0.0,0.0,0.0,1,1,1,1
449,/data/wyb/pneumoniamnist_imagefolder_subset/val/1/00423.png,1,-0.2890685796737671,0.5102786421775818,-0.2890685796737671,0.5102786421775818,0.3101651668548584,0.6898348331451416,0.3101651668548584,0.6898348331451416,0.0,0.0,0.0,0.0,1,1,1,1
450,/data/wyb/pneumoniamnist_imagefolder_subset/val/1/00425.png,1,-0.33052483201026917,0.5419806838035583,-0.33052483201026917,0.5419806838035583,0.2947331964969635,0.7052667737007141,0.2947331964969635,0.7052667737007141,0.0,0.0,0.0,0.0,1,1,1,1
451,/data/wyb/pneumoniamnist_imagefolder_subset/val/1/00426.png,1,-0.45740723609924316,0.6545171141624451,-0.45740723609924316,0.6545171141624451,0.24751229584217072,0.7524877190589905,0.24751229584217072,0.7524877190589905,0.0,0.0,0.0,0.0,1,1,1,1
452,/data/wyb/pneumoniamnist_imagefolder_subset/val/1/00427.png,1,-0.30615997314453125,0.5217549204826355,-0.30615997314453125,0.5217549204826355,0.3040861189365387,0.6959138512611389,0.3040861189365387,0.6959138512611389,0.0,0.0,0.0,0.0,1,1,1,1
453,/data/wyb/pneumoniamnist_imagefolder_subset/val/1/00428.png,1,-0.5109017491340637,0.7118420004844666,-0.5109017491340637,0.7118420004844666,0.22745397686958313,0.7725460529327393,0.22745397686958313,0.7725460529327393,0.0,0.0,0.0,0.0,1,1,1,1
454,/data/wyb/pneumoniamnist_imagefolder_subset/val/1/00430.png,1,-0.2646261751651764,0.46880123019218445,-0.2646261751651764,0.46880123019218445,0.3244430720806122,0.6755569577217102,0.3244430720806122,0.6755569577217102,0.0,0.0,0.0,0.0,1,1,1,1
455,/data/wyb/pneumoniamnist_imagefolder_subset/val/1/00431.png,1,-0.1359182894229889,0.3867810070514679,-0.1359182894229889,0.3867810070514679,0.3722212314605713,0.6277787089347839,0.3722212314605713,0.6277787089347839,0.0,0.0,0.0,0.0,1,1,1,1
456,/data/wyb/pneumoniamnist_imagefolder_subset/val/1/00432.png,1,-0.4349841773509979,0.6311331987380981,-0.4349841773509979,0.6311331987380981,0.25614213943481445,0.7438578009605408,0.25614213943481445,0.7438578009605408,0.0,0.0,0.0,0.0,1,1,1,1
457,/data/wyb/pneumoniamnist_imagefolder_subset/val/1/00434.png,1,-0.20538920164108276,0.43134644627571106,-0.20538920164108276,0.43134644627571106,0.3459848165512085,0.6540151834487915,0.3459848165512085,0.6540151834487915,0.0,0.0,0.0,0.0,1,1,1,1
458,/data/wyb/pneumoniamnist_imagefolder_subset/val/1/00435.png,1,-0.19377847015857697,0.4283774197101593,-0.19377847015857697,0.4283774197101593,0.34929129481315613,0.6507086753845215,0.34929129481315613,0.6507086753845215,0.0,0.0,0.0,0.0,1,1,1,1
459,/data/wyb/pneumoniamnist_imagefolder_subset/val/1/00436.png,1,-0.38602274656295776,0.5840713381767273,-0.38602274656295776,0.5840713381767273,0.27486175298690796,0.725138247013092,0.27486175298690796,0.725138247013092,0.0,0.0,0.0,0.0,1,1,1,1
460,/data/wyb/pneumoniamnist_imagefolder_subset/val/1/00439.png,1,-0.48094144463539124,0.6776357293128967,-0.48094144463539124,0.6776357293128967,0.23892591893672943,0.7610740661621094,0.23892591893672943,0.7610740661621094,0.0,0.0,0.0,0.0,1,1,1,1
461,/data/wyb/pneumoniamnist_imagefolder_subset/val/1/00440.png,1,-0.4779893159866333,0.6774889826774597,-0.4779893159866333,0.6774889826774597,0.23948988318443298,0.7605101466178894,0.23948988318443298,0.7605101466178894,0.0,0.0,0.0,0.0,1,1,1,1
462,/data/wyb/pneumoniamnist_imagefolder_subset/val/1/00441.png,1,-0.42242878675460815,0.6237446665763855,-0.42242878675460815,0.6237446665763855,0.2599605917930603,0.7400394082069397,0.2599605917930603,0.7400394082069397,0.0,0.0,0.0,0.0,1,1,1,1
463,/data/wyb/pneumoniamnist_imagefolder_subset/val/1/00442.png,1,-0.42943301796913147,0.635063648223877,-0.42943301796913147,0.635063648223877,0.2564510703086853,0.7435489296913147,0.2564510703086853,0.7435489296913147,0.0,0.0,0.0,0.0,1,1,1,1
464,/data/wyb/pneumoniamnist_imagefolder_subset/val/1/00443.png,1,-0.47148290276527405,0.666747510433197,-0.47148290276527405,0.666747510433197,0.24264539778232574,0.7573546171188354,0.24264539778232574,0.7573546171188354,0.0,0.0,0.0,0.0,1,1,1,1
465,/data/wyb/pneumoniamnist_imagefolder_subset/val/1/00444.png,1,-0.35732412338256836,0.5608468651771545,-0.35732412338256836,0.5608468651771545,0.28533071279525757,0.7146692872047424,0.28533071279525757,0.7146692872047424,0.0,0.0,0.0,0.0,1,1,1,1
466,/data/wyb/pneumoniamnist_imagefolder_subset/val/1/00445.png,1,-0.033052489161491394,0.2793838083744049,-0.033052489161491394,0.2793838083744049,0.4225202202796936,0.5774798393249512,0.4225202202796936,0.5774798393249512,0.0,0.0,0.0,0.0,1,1,1,1
467,/data/wyb/pneumoniamnist_imagefolder_subset/val/1/00446.png,1,-0.29373809695243835,0.4999769926071167,-0.29373809695243835,0.4999769926071167,0.3113715350627899,0.6886284947395325,0.3113715350627899,0.6886284947395325,0.0,0.0,0.0,0.0,1,1,1,1
468,/data/wyb/pneumoniamnist_imagefolder_subset/val/1/00447.png,1,-0.43519437313079834,0.6361479163169861,-0.43519437313079834,0.6361479163169861,0.25514793395996094,0.7448521256446838,0.25514793395996094,0.7448521256446838,0.0,0.0,0.0,0.0,1,1,1,1
469,/data/wyb/pneumoniamnist_imagefolder_subset/val/1/00448.png,1,-0.38299986720085144,0.5812145471572876,-0.38299986720085144,0.5812145471572876,0.2760351896286011,0.7239648103713989,0.2760351896286011,0.7239648103713989,0.0,0.0,0.0,0.0,1,1,1,1
470,/data/wyb/pneumoniamnist_imagefolder_subset/val/1/00449.png,1,-0.42971205711364746,0.6277549266815186,-0.42971205711364746,0.6277549266815186,0.2577938139438629,0.7422061562538147,0.2577938139438629,0.7422061562538147,0.0,0.0,0.0,0.0,1,1,1,1
471,/data/wyb/pneumoniamnist_imagefolder_subset/val/1/00450.png,1,-0.4859757125377655,0.6805750131607056,-0.4859757125377655,0.6805750131607056,0.2374790459871292,0.7625210285186768,0.2374790459871292,0.7625210285186768,0.0,0.0,0.0,0.0,1,1,1,1
472,/data/wyb/pneumoniamnist_imagefolder_subset/val/1/00451.png,1,-0.448392778635025,0.6439295411109924,-0.448392778635025,0.6439295411109924,0.2511812150478363,0.7488188147544861,0.2511812150478363,0.7488188147544861,0.0,0.0,0.0,0.0,1,1,1,1
473,/data/wyb/pneumoniamnist_imagefolder_subset/val/1/00452.png,1,-0.5729295015335083,0.7856906056404114,-0.5729295015335083,0.7856906056404114,0.2044646441936493,0.7955353260040283,0.2044646441936493,0.7955353260040283,0.0,0.0,0.0,0.0,1,1,1,1
474,/data/wyb/pneumoniamnist_imagefolder_subset/val/1/00453.png,1,-0.4193049669265747,0.6199641823768616,-0.4193049669265747,0.6199641823768616,0.2612910270690918,0.7387089729309082,0.2612910270690918,0.7387089729309082,0.0,0.0,0.0,0.0,1,1,1,1
475,/data/wyb/pneumoniamnist_imagefolder_subset/val/1/00457.png,1,-0.4390569031238556,0.631625771522522,-0.4390569031238556,0.631625771522522,0.2552732825279236,0.7447267174720764,0.2552732825279236,0.7447267174720764,0.0,0.0,0.0,0.0,1,1,1,1
476,/data/wyb/pneumoniamnist_imagefolder_subset/val/1/00458.png,1,-0.37296217679977417,0.5746368765830994,-0.37296217679977417,0.5746368765830994,0.27936792373657227,0.720632016658783,0.27936792373657227,0.720632016658783,0.0,0.0,0.0,0.0,1,1,1,1
477,/data/wyb/pneumoniamnist_imagefolder_subset/val/1/00460.png,1,-0.08190549165010452,0.3327702283859253,-0.08190549165010452,0.3327702283859253,0.3977915048599243,0.6022084951400757,0.3977915048599243,0.6022084951400757,0.0,0.0,0.0,0.0,1,1,1,1
478,/data/wyb/pneumoniamnist_imagefolder_subset/val/1/00461.png,1,-0.3642553985118866,0.5711657404899597,-0.3642553985118866,0.5711657404899597,0.2818261981010437,0.7181738615036011,0.2818261981010437,0.7181738615036011,0.0,0.0,0.0,0.0,1,1,1,1
479,/data/wyb/pneumoniamnist_imagefolder_subset/val/1/00462.png,1,-0.5125864148139954,0.7141876816749573,-0.5125864148139954,0.7141876816749573,0.2267465442419052,0.7732535004615784,0.2267465442419052,0.7732535004615784,0.0,0.0,0.0,0.0,1,1,1,1
480,/data/wyb/pneumoniamnist_imagefolder_subset/val/1/00464.png,1,-0.27257847785949707,0.48773011565208435,-0.27257847785949707,0.48773011565208435,0.3185792565345764,0.6814207434654236,0.3185792565345764,0.6814207434654236,0.0,0.0,0.0,0.0,1,1,1,1
481,/data/wyb/pneumoniamnist_imagefolder_subset/val/1/00465.png,1,-0.27549585700035095,0.49893254041671753,-0.27549585700035095,0.49893254041671753,0.3155219256877899,0.6844780445098877,0.3155219256877899,0.6844780445098877,0.0,0.0,0.0,0.0,1,1,1,1
482,/data/wyb/pneumoniamnist_imagefolder_subset/val/1/00466.png,1,-0.4943977892398834,0.6901597380638123,-0.4943977892398834,0.6901597380638123,0.23423373699188232,0.7657662630081177,0.23423373699188232,0.7657662630081177,0.0,0.0,0.0,0.0,1,1,1,1
483,/data/wyb/pneumoniamnist_imagefolder_subset/val/1/00467.png,1,-0.4003061056137085,0.6005598902702332,-0.4003061056137085,0.6005598902702332,0.2687712013721466,0.7312288284301758,0.2687712013721466,0.7312288284301758,0.0,0.0,0.0,0.0,1,1,1,1
484,/data/wyb/pneumoniamnist_imagefolder_subset/val/1/00468.png,1,-0.3060663640499115,0.5169153809547424,-0.3060663640499115,0.5169153809547424,0.30513107776641846,0.6948688626289368,0.30513107776641846,0.6948688626289368,0.0,0.0,0.0,0.0,1,1,1,1
485,/data/wyb/pneumoniamnist_imagefolder_subset/val/1/00469.png,1,-0.33020347356796265,0.5403054356575012,-0.33020347356796265,0.5403054356575012,0.29514840245246887,0.7048515677452087,0.29514840245246887,0.7048515677452087,0.0,0.0,0.0,0.0,1,1,1,1
486,/data/wyb/pneumoniamnist_imagefolder_subset/val/1/00470.png,1,-0.5266693234443665,0.7255319356918335,-0.5266693234443665,0.7255319356918335,0.22231930494308472,0.7776806354522705,0.22231930494308472,0.7776806354522705,0.0,0.0,0.0,0.0,1,1,1,1
487,/data/wyb/pneumoniamnist_imagefolder_subset/val/1/00472.png,1,-0.2583265006542206,0.47861090302467346,-0.2583265006542206,0.47861090302467346,0.3236742317676544,0.676325798034668,0.3236742317676544,0.676325798034668,0.0,0.0,0.0,0.0,1,1,1,1
488,/data/wyb/pneumoniamnist_imagefolder_subset/val/1/00473.png,1,-0.3141787052154541,0.5278929471969604,-0.3141787052154541,0.5278929471969604,0.30109864473342896,0.698901355266571,0.30109864473342896,0.698901355266571,0.0,0.0,0.0,0.0,1,1,1,1
489,/data/wyb/pneumoniamnist_imagefolder_subset/val/1/00474.png,1,-0.07617046684026718,0.3173544406890869,-0.07617046684026718,0.3173544406890869,0.4028690457344055,0.5971309542655945,0.4028690457344055,0.5971309542655945,0.0,0.0,0.0,0.0,1,1,1,1
490,/data/wyb/pneumoniamnist_imagefolder_subset/val/1/00475.png,1,-0.16872873902320862,0.3905086815357208,-0.16872873902320862,0.3905086815357208,0.3637239336967468,0.6362760663032532,0.3637239336967468,0.6362760663032532,0.0,0.0,0.0,0.0,1,1,1,1
491,/data/wyb/pneumoniamnist_imagefolder_subset/val/1/00477.png,1,-0.10523846745491028,0.3473700284957886,-0.10523846745491028,0.3473700284957886,0.38874077796936035,0.6112592816352844,0.38874077796936035,0.6112592816352844,0.0,0.0,0.0,0.0,1,1,1,1
492,/data/wyb/pneumoniamnist_imagefolder_subset/val/1/00480.png,1,-0.22809292376041412,0.4549320638179779,-0.22809292376041412,0.4549320638179779,0.3355864882469177,0.6644135117530823,0.3355864882469177,0.6644135117530823,0.0,0.0,0.0,0.0,1,1,1,1
493,/data/wyb/pneumoniamnist_imagefolder_subset/val/1/00481.png,1,-0.5308181047439575,0.7325035929679871,-0.5308181047439575,0.7325035929679871,0.22040259838104248,0.7795973420143127,0.22040259838104248,0.7795973420143127,0.0,0.0,0.0,0.0,1,1,1,1
494,/data/wyb/pneumoniamnist_imagefolder_subset/val/1/00482.png,1,-0.5217170119285583,0.7212327122688293,-0.5217170119285583,0.7212327122688293,0.2239229530096054,0.7760770320892334,0.2239229530096054,0.7760770320892334,0.0,0.0,0.0,0.0,1,1,1,1
495,/data/wyb/pneumoniamnist_imagefolder_subset/val/1/00485.png,1,-0.48082464933395386,0.6774115562438965,-0.48082464933395386,0.6774115562438965,0.23898792266845703,0.761012077331543,0.23898792266845703,0.761012077331543,0.0,0.0,0.0,0.0,1,1,1,1
496,/data/wyb/pneumoniamnist_imagefolder_subset/val/1/00486.png,1,-0.4366711974143982,0.6402313709259033,-0.4366711974143982,0.6402313709259033,0.25409260392189026,0.7459073662757874,0.25409260392189026,0.7459073662757874,0.0,0.0,0.0,0.0,1,1,1,1
497,/data/wyb/pneumoniamnist_imagefolder_subset/val/1/00487.png,1,-0.5288092494010925,0.7277180552482605,-0.5288092494010925,0.7277180552482605,0.22157227993011475,0.7784277200698853,0.22157227993011475,0.7784277200698853,0.0,0.0,0.0,0.0,1,1,1,1
498,/data/wyb/pneumoniamnist_imagefolder_subset/val/1/00488.png,1,-0.4577501714229584,0.6515244245529175,-0.4577501714229584,0.6515244245529175,0.24800613522529602,0.7519938349723816,0.24800613522529602,0.7519938349723816,0.0,0.0,0.0,0.0,1,1,1,1
499,/data/wyb/pneumoniamnist_imagefolder_subset/val/1/00489.png,1,-0.3843507468700409,0.5865314602851868,-0.3843507468700409,0.5865314602851868,0.2747046947479248,0.7252953052520752,0.2747046947479248,0.7252953052520752,0.0,0.0,0.0,0.0,1,1,1,1
500,/data/wyb/pneumoniamnist_imagefolder_subset/val/1/00492.png,1,-0.36481454968452454,0.5661296248435974,-0.36481454968452454,0.5661296248435974,0.2827332019805908,0.7172667980194092,0.2827332019805908,0.7172667980194092,0.0,0.0,0.0,0.0,1,1,1,1
501,/data/wyb/pneumoniamnist_imagefolder_subset/val/1/00493.png,1,-0.19146589934825897,0.4152953326702118,-0.19146589934825897,0.4152953326702118,0.35279834270477295,0.6472015976905823,0.35279834270477295,0.6472015976905823,0.0,0.0,0.0,0.0,1,1,1,1
502,/data/wyb/pneumoniamnist_imagefolder_subset/val/1/00494.png,1,-0.5012314319610596,0.6977267265319824,-0.5012314319610596,0.6977267265319824,0.2316606193780899,0.7683393955230713,0.2316606193780899,0.7683393955230713,0.0,0.0,0.0,0.0,1,1,1,1
503,/data/wyb/pneumoniamnist_imagefolder_subset/val/1/00495.png,1,-0.5049029588699341,0.7039323449134827,-0.5049029588699341,0.7039323449134827,0.22990718483924866,0.7700928449630737,0.22990718483924866,0.7700928449630737,0.0,0.0,0.0,0.0,1,1,1,1
504,/data/wyb/pneumoniamnist_imagefolder_subset/val/1/00497.png,1,-0.4996704161167145,0.6972076892852783,-0.4996704161167145,0.6972076892852783,0.23203107714653015,0.7679689526557922,0.23203107714653015,0.7679689526557922,0.0,0.0,0.0,0.0,1,1,1,1
505,/data/wyb/pneumoniamnist_imagefolder_subset/val/1/00499.png,1,-0.36678948998451233,0.5745941996574402,-0.36678948998451233,0.5745941996574402,0.2806209325790405,0.7193790674209595,0.2806209325790405,0.7193790674209595,0.0,0.0,0.0,0.0,1,1,1,1
506,/data/wyb/pneumoniamnist_imagefolder_subset/val/1/00501.png,1,-0.42767858505249023,0.6300933361053467,-0.42767858505249023,0.6300933361053467,0.2577354907989502,0.7422645688056946,0.2577354907989502,0.7422645688056946,0.0,0.0,0.0,0.0,1,1,1,1
507,/data/wyb/pneumoniamnist_imagefolder_subset/val/1/00503.png,1,-0.3488359749317169,0.555353045463562,-0.3488359749317169,0.555353045463562,0.28819042444229126,0.7118096351623535,0.28819042444229126,0.7118096351623535,0.0,0.0,0.0,0.0,1,1,1,1
508,/data/wyb/pneumoniamnist_imagefolder_subset/val/1/00504.png,1,-0.2852930724620819,0.5023824572563171,-0.2852930724620819,0.5023824572563171,0.31266799569129944,0.6873319745063782,0.31266799569129944,0.6873319745063782,0.0,0.0,0.0,0.0,1,1,1,1
509,/data/wyb/pneumoniamnist_imagefolder_subset/val/1/00506.png,1,-0.13175098598003387,0.36903005838394165,-0.13175098598003387,0.36903005838394165,0.3773570954799652,0.6226428151130676,0.3773570954799652,0.6226428151130676,0.0,0.0,0.0,0.0,1,1,1,1
510,/data/wyb/pneumoniamnist_imagefolder_subset/val/1/00507.png,1,-0.49389585852622986,0.6908138990402222,-0.49389585852622986,0.6908138990402222,0.234206423163414,0.7657936215400696,0.234206423163414,0.7657936215400696,0.0,0.0,0.0,0.0,1,1,1,1
511,/data/wyb/pneumoniamnist_imagefolder_subset/val/1/00508.png,1,-0.4258739948272705,0.633074939250946,-0.4258739948272705,0.633074939250946,0.25751033425331116,0.7424896359443665,0.25751033425331116,0.7424896359443665,0.0,0.0,0.0,0.0,1,1,1,1
512,/data/wyb/pneumoniamnist_imagefolder_subset/val/1/00510.png,1,-0.3149787187576294,0.5346327424049377,-0.3149787187576294,0.5346327424049377,0.2995143532752991,0.7004855871200562,0.2995143532752991,0.7004855871200562,0.0,0.0,0.0,0.0,1,1,1,1
513,/data/wyb/pneumoniamnist_imagefolder_subset/val/1/00511.png,1,-0.5161163210868835,0.7153000235557556,-0.5161163210868835,0.7153000235557556,0.22593361139297485,0.7740663290023804,0.22593361139297485,0.7740663290023804,0.0,0.0,0.0,0.0,1,1,1,1
514,/data/wyb/pneumoniamnist_imagefolder_subset/val/1/00512.png,1,-0.18758264183998108,0.41282182931900024,-0.18758264183998108,0.41282182931900024,0.3542511761188507,0.6457488536834717,0.3542511761188507,0.6457488536834717,0.0,0.0,0.0,0.0,1,1,1,1
515,/data/wyb/pneumoniamnist_imagefolder_subset/val/1/00513.png,1,-0.5600923895835876,0.7745173573493958,-0.5600923895835876,0.7745173573493958,0.20839789509773254,0.7916021347045898,0.20839789509773254,0.7916021347045898,0.0,0.0,0.0,0.0,1,1,1,1
516,/data/wyb/pneumoniamnist_imagefolder_subset/val/1/00514.png,1,-0.28031378984451294,0.5021023750305176,-0.28031378984451294,0.5021023750305176,0.3137993812561035,0.6862006187438965,0.3137993812561035,0.6862006187438965,0.0,0.0,0.0,0.0,1,1,1,1
517,/data/wyb/pneumoniamnist_imagefolder_subset/val/1/00515.png,1,-0.28422781825065613,0.49757495522499084,-0.28422781825065613,0.49757495522499084,0.31393149495124817,0.6860685348510742,0.31393149495124817,0.6860685348510742,0.0,0.0,0.0,0.0,1,1,1,1
518,/data/wyb/pneumoniamnist_imagefolder_subset/val/1/00516.png,1,-0.39906662702560425,0.5947065353393555,-0.39906662702560425,0.5947065353393555,0.2701674699783325,0.7298325896263123,0.2701674699783325,0.7298325896263123,0.0,0.0,0.0,0.0,1,1,1,1
519,/data/wyb/pneumoniamnist_imagefolder_subset/val/1/00517.png,1,-0.35355904698371887,0.5506517887115479,-0.35355904698371887,0.5506517887115479,0.2881859540939331,0.7118141055107117,0.2881859540939331,0.7118141055107117,0.0,0.0,0.0,0.0,1,1,1,1
520,/data/wyb/pneumoniamnist_imagefolder_subset/val/1/00518.png,1,-0.2813749313354492,0.500024676322937,-0.2813749313354492,0.500024676322937,0.3140183091163635,0.6859816908836365,0.3140183091163635,0.6859816908836365,0.0,0.0,0.0,0.0,1,1,1,1
521,/data/wyb/pneumoniamnist_imagefolder_subset/val/1/00520.png,1,-0.4151776432991028,0.6204174160957336,-0.4151776432991028,0.6204174160957336,0.26200082898139954,0.7379992008209229,0.26200082898139954,0.7379992008209229,0.0,0.0,0.0,0.0,1,1,1,1
522,/data/wyb/pneumoniamnist_imagefolder_subset/val/1/00521.png,1,-0.3051946759223938,0.5154637098312378,-0.3051946759223938,0.5154637098312378,0.3056238889694214,0.6943760514259338,0.3056238889694214,0.6943760514259338,0.0,0.0,0.0,0.0,1,1,1,1
523,/data/wyb/pneumoniamnist_imagefolder_subset/val/1/00523.png,1,-0.25334978103637695,0.47157853841781616,-0.25334978103637695,0.47157853841781616,0.3263086676597595,0.6736913323402405,0.3263086676597595,0.6736913323402405,0.0,0.0,0.0,0.0,1,1,1,1
