sample_index,sample_path,target,plaintext_logit_0,plaintext_logit_1,secure_logit_0,secure_logit_1,plaintext_prob_0,plaintext_prob_1,secure_prob_0,secure_prob_1,logit_0_abs_diff,logit_1_abs_diff,prob_0_abs_diff,prob_1_abs_diff,plaintext_argmax,secure_argmax,plaintext_threshold_pred,secure_threshold_pred
0,/data/wyb/pneumoniamnist_imagefolder_subset/val/0/00003.png,0,0.47533854842185974,-0.01690872758626938,0.47533854842185974,-0.01690872758626938,0.6206357479095459,0.37936434149742126,0.6206357479095459,0.37936434149742126,0.0,0.0,0.0,0.0,0,0,0,0
1,/data/wyb/pneumoniamnist_imagefolder_subset/val/0/00007.png,0,0.08598525077104568,0.42837801575660706,0.08598525077104568,0.42837801575660706,0.41522839665412903,0.5847716927528381,0.41522839665412903,0.5847716927528381,0.0,0.0,0.0,0.0,1,1,0,0
2,/data/wyb/pneumoniamnist_imagefolder_subset/val/0/00011.png,0,0.5553398132324219,-0.10030759125947952,0.5553398132324219,-0.10030759125947952,0.6582819223403931,0.34171804785728455,0.6582819223403931,0.34171804785728455,0.0,0.0,0.0,0.0,0,0,0,0
3,/data/wyb/pneumoniamnist_imagefolder_subset/val/0/00014.png,0,0.41444632411003113,0.056477874517440796,0.41444632411003113,0.056477874517440796,0.5885485410690308,0.41145142912864685,0.5885485410690308,0.41145142912864685,0.0,0.0,0.0,0.0,0,0,0,0
4,/data/wyb/pneumoniamnist_imagefolder_subset/val/0/00022.png,0,0.5616682171821594,-0.10616428405046463,0.5616682171821594,-0.10616428405046463,0.661017656326294,0.33898237347602844,0.661017656326294,0.33898237347602844,0.0,0.0,0.0,0.0,0,0,0,0
5,/data/wyb/pneumoniamnist_imagefolder_subset/val/0/00028.png,0,0.5079140663146973,-0.05001354590058327,0.5079140663146973,-0.05001354590058327,0.6359728574752808,0.36402708292007446,0.6359728574752808,0.36402708292007446,0.0,0.0,0.0,0.0,0,0,0,0
6,/data/wyb/pneumoniamnist_imagefolder_subset/val/0/00030.png,0,0.4790758192539215,-0.0252961628139019,0.4790758192539215,-0.0252961628139019,0.6234862208366394,0.3765137791633606,0.6234862208366394,0.3765137791633606,0.0,0.0,0.0,0.0,0,0,0,0
7,/data/wyb/pneumoniamnist_imagefolder_subset/val/0/00031.png,0,0.2084624022245407,0.30312052369117737,0.2084624022245407,0.30312052369117737,0.47635307908058167,0.5236468315124512,0.47635307908058167,0.5236468315124512,0.0,0.0,0.0,0.0,1,1,0,0
8,/data/wyb/pneumoniamnist_imagefolder_subset/val/0/00033.png,0,0.5273266434669495,-0.0728386640548706,0.5273266434669495,-0.0728386640548706,0.6456941366195679,0.35430586338043213,0.6456941366195679,0.35430586338043213,0.0,0.0,0.0,0.0,0,0,0,0
9,/data/wyb/pneumoniamnist_imagefolder_subset/val/0/00035.png,0,0.46719303727149963,-0.005629403982311487,0.46719303727149963,-0.005629403982311487,0.6160515546798706,0.383948415517807,0.6160515546798706,0.383948415517807,0.0,0.0,0.0,0.0,0,0,0,0
10,/data/wyb/pneumoniamnist_imagefolder_subset/val/0/00037.png,0,0.5056890845298767,-0.05314405634999275,0.5056890845298767,-0.05314405634999275,0.6361824870109558,0.3638174831867218,0.6361824870109558,0.3638174831867218,0.0,0.0,0.0,0.0,0,0,0,0
11,/data/wyb/pneumoniamnist_imagefolder_subset/val/0/00038.png,0,0.548191487789154,-0.09309370070695877,0.548191487789154,-0.09309370070695877,0.6550439596176147,0.34495609998703003,0.6550439596176147,0.34495609998703003,0.0,0.0,0.0,0.0,0,0,0,0
12,/data/wyb/pneumoniamnist_imagefolder_subset/val/0/00040.png,0,0.4593643248081207,-0.0010132617317140102,0.4593643248081207,-0.0010132617317140102,0.6131037473678589,0.3868962526321411,0.6131037473678589,0.3868962526321411,0.0,0.0,0.0,0.0,0,0,0,0
13,/data/wyb/pneumoniamnist_imagefolder_subset/val/0/00045.png,0,0.4590567946434021,0.0010089414427056909,0.4590567946434021,0.0010089414427056909,0.6125509738922119,0.3874490261077881,0.6125509738922119,0.3874490261077881,0.0,0.0,0.0,0.0,0,0,0,0
14,/data/wyb/pneumoniamnist_imagefolder_subset/val/0/00046.png,0,0.5745590925216675,-0.11608593165874481,0.5745590925216675,-0.11608593165874481,0.6661103963851929,0.33388960361480713,0.6661103963851929,0.33388960361480713,0.0,0.0,0.0,0.0,0,0,0,0
15,/data/wyb/pneumoniamnist_imagefolder_subset/val/0/00049.png,0,0.25958287715911865,0.2433771938085556,0.25958287715911865,0.2433771938085556,0.5040513277053833,0.4959486722946167,0.5040513277053833,0.4959486722946167,0.0,0.0,0.0,0.0,0,0,0,0
16,/data/wyb/pneumoniamnist_imagefolder_subset/val/0/00052.png,0,0.517229437828064,-0.06099246069788933,0.517229437828064,-0.06099246069788933,0.6406581997871399,0.3593418300151825,0.6406581997871399,0.3593418300151825,0.0,0.0,0.0,0.0,0,0,0,0
17,/data/wyb/pneumoniamnist_imagefolder_subset/val/0/00055.png,0,0.031754206866025925,0.4776715934276581,0.031754206866025925,0.4776715934276581,0.390331894159317,0.6096681356430054,0.390331894159317,0.6096681356430054,0.0,0.0,0.0,0.0,1,1,1,1
18,/data/wyb/pneumoniamnist_imagefolder_subset/val/0/00069.png,0,0.2472742795944214,0.2596997320652008,0.2472742795944214,0.2596997320652008,0.4968937039375305,0.5031063556671143,0.4968937039375305,0.5031063556671143,0.0,0.0,0.0,0.0,1,1,0,0
19,/data/wyb/pneumoniamnist_imagefolder_subset/val/0/00072.png,0,0.547485888004303,-0.09151654690504074,0.547485888004303,-0.09151654690504074,0.6545279026031494,0.3454720675945282,0.6545279026031494,0.3454720675945282,0.0,0.0,0.0,0.0,0,0,0,0
20,/data/wyb/pneumoniamnist_imagefolder_subset/val/0/00074.png,0,0.4844200313091278,-0.030808860436081886,0.4844200313091278,-0.030808860436081886,0.6260314583778381,0.37396854162216187,0.6260314583778381,0.37396854162216187,0.0,0.0,0.0,0.0,0,0,0,0
21,/data/wyb/pneumoniamnist_imagefolder_subset/val/0/00081.png,0,0.5109995603561401,-0.05476183816790581,0.5109995603561401,-0.05476183816790581,0.6377845406532288,0.36221542954444885,0.6377845406532288,0.36221542954444885,0.0,0.0,0.0,0.0,0,0,0,0
22,/data/wyb/pneumoniamnist_imagefolder_subset/val/0/00083.png,0,0.18249088525772095,0.3290197551250458,0.18249088525772095,0.3290197551250458,0.463433176279068,0.5365667939186096,0.463433176279068,0.5365667939186096,0.0,0.0,0.0,0.0,1,1,0,0
23,/data/wyb/pneumoniamnist_imagefolder_subset/val/0/00090.png,0,0.5105637907981873,-0.05623441934585571,0.5105637907981873,-0.05623441934585571,0.6380240321159363,0.3619759678840637,0.6380240321159363,0.3619759678840637,0.0,0.0,0.0,0.0,0,0,0,0
24,/data/wyb/pneumoniamnist_imagefolder_subset/val/0/00093.png,0,-0.11527131497859955,0.6120564937591553,-0.11527131497859955,0.6120564937591553,0.3257814049720764,0.6742186546325684,0.3257814049720764,0.6742186546325684,0.0,0.0,0.0,0.0,1,1,1,1
25,/data/wyb/pneumoniamnist_imagefolder_subset/val/0/00106.png,0,0.5268372297286987,-0.07297472655773163,0.5268372297286987,-0.07297472655773163,0.6456132531166077,0.35438668727874756,0.6456132531166077,0.35438668727874756,0.0,0.0,0.0,0.0,0,0,0,0
26,/data/wyb/pneumoniamnist_imagefolder_subset/val/0/00114.png,0,-0.10173681378364563,0.599853515625,-0.10173681378364563,0.599853515625,0.33145973086357117,0.6685402989387512,0.33145973086357117,0.6685402989387512,0.0,0.0,0.0,0.0,1,1,1,1
27,/data/wyb/pneumoniamnist_imagefolder_subset/val/0/00118.png,0,0.4690249562263489,-0.009996016509830952,0.4690249562263489,-0.009996016509830952,0.6175166368484497,0.3824833035469055,0.6175166368484497,0.3824833035469055,0.0,0.0,0.0,0.0,0,0,0,0
28,/data/wyb/pneumoniamnist_imagefolder_subset/val/0/00124.png,0,0.5101172924041748,-0.0577840730547905,0.5101172924041748,-0.0577840730547905,0.6382787823677063,0.3617212176322937,0.6382787823677063,0.3617212176322937,0.0,0.0,0.0,0.0,0,0,0,0
29,/data/wyb/pneumoniamnist_imagefolder_subset/val/0/00130.png,0,0.49217766523361206,-0.03231418877840042,0.49217766523361206,-0.03231418877840042,0.6281975507736206,0.37180253863334656,0.6281975507736206,0.37180253863334656,0.0,0.0,0.0,0.0,0,0,0,0
30,/data/wyb/pneumoniamnist_imagefolder_subset/val/0/00131.png,0,0.5266414284706116,-0.07289902865886688,0.5266414284706116,-0.07289902865886688,0.6455511450767517,0.3544488549232483,0.6455511450767517,0.3544488549232483,0.0,0.0,0.0,0.0,0,0,0,0
31,/data/wyb/pneumoniamnist_imagefolder_subset/val/0/00132.png,0,0.528578519821167,-0.06825701892375946,0.528578519821167,-0.06825701892375946,0.6449320316314697,0.35506799817085266,0.6449320316314697,0.35506799817085266,0.0,0.0,0.0,0.0,0,0,0,0
32,/data/wyb/pneumoniamnist_imagefolder_subset/val/0/00135.png,0,0.49830928444862366,-0.04397030174732208,0.49830928444862366,-0.04397030174732208,0.632342517375946,0.3676574230194092,0.632342517375946,0.3676574230194092,0.0,0.0,0.0,0.0,0,0,0,0
33,/data/wyb/pneumoniamnist_imagefolder_subset/val/0/00147.png,0,-0.055236078798770905,0.5586455464363098,-0.055236078798770905,0.5586455464363098,0.3511742353439331,0.6488257050514221,0.3511742353439331,0.6488257050514221,0.0,0.0,0.0,0.0,1,1,1,1
34,/data/wyb/pneumoniamnist_imagefolder_subset/val/0/00151.png,0,0.12476381659507751,0.3894377052783966,0.12476381659507751,0.3894377052783966,0.43421509861946106,0.5657848715782166,0.43421509861946106,0.5657848715782166,0.0,0.0,0.0,0.0,1,1,0,0
35,/data/wyb/pneumoniamnist_imagefolder_subset/val/0/00155.png,0,0.005472423974424601,0.5057475566864014,0.005472423974424601,0.5057475566864014,0.3774760067462921,0.6225240230560303,0.3774760067462921,0.6225240230560303,0.0,0.0,0.0,0.0,1,1,1,1
36,/data/wyb/pneumoniamnist_imagefolder_subset/val/0/00157.png,0,0.34757333993911743,0.1376761496067047,0.34757333993911743,0.1376761496067047,0.5522825121879578,0.4477175176143646,0.5522825121879578,0.4477175176143646,0.0,0.0,0.0,0.0,0,0,0,0
37,/data/wyb/pneumoniamnist_imagefolder_subset/val/0/00159.png,0,0.10906508564949036,0.4095669388771057,0.10906508564949036,0.4095669388771057,0.42543479800224304,0.5745651721954346,0.42543479800224304,0.5745651721954346,0.0,0.0,0.0,0.0,1,1,0,0
38,/data/wyb/pneumoniamnist_imagefolder_subset/val/0/00164.png,0,0.5162938237190247,-0.06380908936262131,0.5162938237190247,-0.06380908936262131,0.6410911083221436,0.35890892148017883,0.6410911083221436,0.35890892148017883,0.0,0.0,0.0,0.0,0,0,0,0
39,/data/wyb/pneumoniamnist_imagefolder_subset/val/0/00168.png,0,0.31522178649902344,0.17848463356494904,0.31522178649902344,0.17848463356494904,0.5341311097145081,0.46586883068084717,0.5341311097145081,0.46586883068084717,0.0,0.0,0.0,0.0,0,0,0,0
40,/data/wyb/pneumoniamnist_imagefolder_subset/val/0/00171.png,0,0.5458953380584717,-0.08833719044923782,0.5458953380584717,-0.08833719044923782,0.6534485816955566,0.34655144810676575,0.6534485816955566,0.34655144810676575,0.0,0.0,0.0,0.0,0,0,0,0
41,/data/wyb/pneumoniamnist_imagefolder_subset/val/0/00173.png,0,-0.10681861639022827,0.6034641265869141,-0.10681861639022827,0.6034641265869141,0.3295363783836365,0.6704636812210083,0.3295363783836365,0.6704636812210083,0.0,0.0,0.0,0.0,1,1,1,1
42,/data/wyb/pneumoniamnist_imagefolder_subset/val/0/00174.png,0,0.33146217465400696,0.15848657488822937,0.33146217465400696,0.15848657488822937,0.5431364178657532,0.4568636119365692,0.5431364178657532,0.4568636119365692,0.0,0.0,0.0,0.0,0,0,0,0
43,/data/wyb/pneumoniamnist_imagefolder_subset/val/0/00177.png,0,0.5535240769386292,-0.09880035370588303,0.5535240769386292,-0.09880035370588303,0.6575340628623962,0.34246590733528137,0.6575340628623962,0.34246590733528137,0.0,0.0,0.0,0.0,0,0,0,0
44,/data/wyb/pneumoniamnist_imagefolder_subset/val/0/00185.png,0,0.4591260552406311,0.0026223543100059032,0.4591260552406311,0.0026223543100059032,0.612184464931488,0.38781559467315674,0.612184464931488,0.38781559467315674,0.0,0.0,0.0,0.0,0,0,0,0
45,/data/wyb/pneumoniamnist_imagefolder_subset/val/0/00189.png,0,0.5397129654884338,-0.08443793654441833,0.5397129654884338,-0.08443793654441833,0.6511620283126831,0.3488380014896393,0.6511620283126831,0.3488380014896393,0.0,0.0,0.0,0.0,0,0,0,0
46,/data/wyb/pneumoniamnist_imagefolder_subset/val/0/00190.png,0,0.10290110856294632,0.3992556929588318,0.10290110856294632,0.3992556929588318,0.42644885182380676,0.5735511183738708,0.42644885182380676,0.5735511183738708,0.0,0.0,0.0,0.0,1,1,0,0
47,/data/wyb/pneumoniamnist_imagefolder_subset/val/0/00192.png,0,0.5171982645988464,-0.06010710820555687,0.5171982645988464,-0.06010710820555687,0.6404471397399902,0.35955286026000977,0.6404471397399902,0.35955286026000977,0.0,0.0,0.0,0.0,0,0,0,0
48,/data/wyb/pneumoniamnist_imagefolder_subset/val/0/00193.png,0,0.498382568359375,-0.041538942605257034,0.498382568359375,-0.041538942605257034,0.6317941546440125,0.36820584535598755,0.6317941546440125,0.36820584535598755,0.0,0.0,0.0,0.0,0,0,0,0
49,/data/wyb/pneumoniamnist_imagefolder_subset/val/0/00198.png,0,0.5271245837211609,-0.0683181881904602,0.5271245837211609,-0.0683181881904602,0.6446129679679871,0.35538700222969055,0.6446129679679871,0.35538700222969055,0.0,0.0,0.0,0.0,0,0,0,0
50,/data/wyb/pneumoniamnist_imagefolder_subset/val/0/00199.png,0,0.5381100177764893,-0.08220384269952774,0.5381100177764893,-0.08220384269952774,0.6502899527549744,0.3497101068496704,0.6502899527549744,0.3497101068496704,0.0,0.0,0.0,0.0,0,0,0,0
51,/data/wyb/pneumoniamnist_imagefolder_subset/val/0/00201.png,0,0.045874252915382385,0.46765005588531494,0.045874252915382385,0.46765005588531494,0.39609187841415405,0.603908121585846,0.39609187841415405,0.603908121585846,0.0,0.0,0.0,0.0,1,1,0,0
52,/data/wyb/pneumoniamnist_imagefolder_subset/val/0/00202.png,0,0.5245834589004517,-0.07077866047620773,0.5245834589004517,-0.07077866047620773,0.6445944905281067,0.3554054796695709,0.6445944905281067,0.3554054796695709,0.0,0.0,0.0,0.0,0,0,0,0
53,/data/wyb/pneumoniamnist_imagefolder_subset/val/0/00203.png,0,-0.009781272150576115,0.5166042447090149,-0.009781272150576115,0.5166042447090149,0.37136030197143555,0.6286396980285645,0.37136030197143555,0.6286396980285645,0.0,0.0,0.0,0.0,1,1,1,1
54,/data/wyb/pneumoniamnist_imagefolder_subset/val/0/00204.png,0,0.3703685700893402,0.11192182451486588,0.3703685700893402,0.11192182451486588,0.5642544031143188,0.43574556708335876,0.5642544031143188,0.43574556708335876,0.0,0.0,0.0,0.0,0,0,0,0
55,/data/wyb/pneumoniamnist_imagefolder_subset/val/0/00205.png,0,0.5429448485374451,-0.08927877992391586,0.5429448485374451,-0.08927877992391586,0.6529935002326965,0.34700652956962585,0.6529935002326965,0.34700652956962585,0.0,0.0,0.0,0.0,0,0,0,0
56,/data/wyb/pneumoniamnist_imagefolder_subset/val/0/00210.png,0,-0.03270330652594566,0.5371270179748535,-0.03270330652594566,0.5371270179748535,0.3612760007381439,0.6387240290641785,0.3612760007381439,0.6387240290641785,0.0,0.0,0.0,0.0,1,1,1,1
57,/data/wyb/pneumoniamnist_imagefolder_subset/val/0/00215.png,0,0.2313203513622284,0.2711109220981598,0.2313203513622284,0.2711109220981598,0.4900536835193634,0.509946346282959,0.4900536835193634,0.509946346282959,0.0,0.0,0.0,0.0,1,1,0,0
58,/data/wyb/pneumoniamnist_imagefolder_subset/val/0/00217.png,0,0.5063433647155762,-0.05543270707130432,0.5063433647155762,-0.05543270707130432,0.6368634104728699,0.3631366491317749,0.6368634104728699,0.3631366491317749,0.0,0.0,0.0,0.0,0,0,0,0
59,/data/wyb/pneumoniamnist_imagefolder_subset/val/0/00219.png,0,0.5310285091400146,-0.07614696770906448,0.5310285091400146,-0.07614696770906448,0.6472961902618408,0.3527037799358368,0.6472961902618408,0.3527037799358368,0.0,0.0,0.0,0.0,0,0,0,0
60,/data/wyb/pneumoniamnist_imagefolder_subset/val/0/00220.png,0,0.561148464679718,-0.10347326099872589,0.561148464679718,-0.10347326099872589,0.6602978110313416,0.33970218896865845,0.6602978110313416,0.33970218896865845,0.0,0.0,0.0,0.0,0,0,0,0
61,/data/wyb/pneumoniamnist_imagefolder_subset/val/0/00223.png,0,-0.09596861153841019,0.5872336030006409,-0.09596861153841019,0.5872336030006409,0.33554700016975403,0.6644530296325684,0.33554700016975403,0.6644530296325684,0.0,0.0,0.0,0.0,1,1,1,1
62,/data/wyb/pneumoniamnist_imagefolder_subset/val/0/00226.png,0,0.2638282775878906,0.24232281744480133,0.2638282775878906,0.24232281744480133,0.5053761601448059,0.4946238398551941,0.5053761601448059,0.4946238398551941,0.0,0.0,0.0,0.0,0,0,0,0
63,/data/wyb/pneumoniamnist_imagefolder_subset/val/0/00227.png,0,0.5179973244667053,-0.06307142972946167,0.5179973244667053,-0.06307142972946167,0.6413133144378662,0.35868674516677856,0.6413133144378662,0.35868674516677856,0.0,0.0,0.0,0.0,0,0,0,0
64,/data/wyb/pneumoniamnist_imagefolder_subset/val/0/00233.png,0,-0.09681164473295212,0.5961564183235168,-0.09681164473295212,0.5961564183235168,0.33337312936782837,0.6666268110275269,0.33337312936782837,0.6666268110275269,0.0,0.0,0.0,0.0,1,1,1,1
65,/data/wyb/pneumoniamnist_imagefolder_subset/val/0/00235.png,0,0.5105041861534119,-0.053605351597070694,0.5105041861534119,-0.053605351597070694,0.6374028921127319,0.36259713768959045,0.6374028921127319,0.36259713768959045,0.0,0.0,0.0,0.0,0,0,0,0
66,/data/wyb/pneumoniamnist_imagefolder_subset/val/0/00237.png,0,0.5476645231246948,-0.09231054782867432,0.5476645231246948,-0.09231054782867432,0.6547477841377258,0.345252126455307,0.6547477841377258,0.345252126455307,0.0,0.0,0.0,0.0,0,0,0,0
67,/data/wyb/pneumoniamnist_imagefolder_subset/val/0/00248.png,0,0.11423920094966888,0.3968058228492737,0.11423920094966888,0.3968058228492737,0.4298246502876282,0.5701753497123718,0.4298246502876282,0.5701753497123718,0.0,0.0,0.0,0.0,1,1,0,0
68,/data/wyb/pneumoniamnist_imagefolder_subset/val/0/00251.png,0,0.03558219596743584,0.47787535190582275,0.03558219596743584,0.47787535190582275,0.3911946713924408,0.6088052988052368,0.3911946713924408,0.6088052988052368,0.0,0.0,0.0,0.0,1,1,1,1
69,/data/wyb/pneumoniamnist_imagefolder_subset/val/0/00252.png,0,0.3547916114330292,0.12969180941581726,0.3547916114330292,0.12969180941581726,0.5560385584831238,0.443961501121521,0.5560385584831238,0.443961501121521,0.0,0.0,0.0,0.0,0,0,0,0
70,/data/wyb/pneumoniamnist_imagefolder_subset/val/0/00254.png,0,-0.06439755111932755,0.5665733218193054,-0.06439755111932755,0.5665733218193054,0.3472904562950134,0.6527096033096313,0.3472904562950134,0.6527096033096313,0.0,0.0,0.0,0.0,1,1,1,1
71,/data/wyb/pneumoniamnist_imagefolder_subset/val/0/00259.png,0,0.47165030241012573,-0.01125610526651144,0.47165030241012573,-0.01125610526651144,0.618433952331543,0.3815660774707794,0.618433952331543,0.3815660774707794,0.0,0.0,0.0,0.0,0,0,0,0
72,/data/wyb/pneumoniamnist_imagefolder_subset/val/0/00281.png,0,0.0631118193268776,0.4490883946418762,0.0631118193268776,0.4490883946418762,0.40468624234199524,0.5953137874603271,0.40468624234199524,0.5953137874603271,0.0,0.0,0.0,0.0,1,1,0,0
73,/data/wyb/pneumoniamnist_imagefolder_subset/val/0/00284.png,0,-0.07163920998573303,0.5741140842437744,-0.07163920998573303,0.5741140842437744,0.343947172164917,0.656052827835083,0.343947172164917,0.656052827835083,0.0,0.0,0.0,0.0,1,1,1,1
74,/data/wyb/pneumoniamnist_imagefolder_subset/val/0/00287.png,0,0.3645309805870056,0.11697161197662354,0.3645309805870056,0.11697161197662354,0.5615756511688232,0.438424289226532,0.5615756511688232,0.438424289226532,0.0,0.0,0.0,0.0,0,0,0,0
75,/data/wyb/pneumoniamnist_imagefolder_subset/val/0/00288.png,0,0.14262880384922028,0.371086061000824,0.14262880384922028,0.371086061000824,0.44313278794288635,0.5568671822547913,0.44313278794288635,0.5568671822547913,0.0,0.0,0.0,0.0,1,1,0,0
76,/data/wyb/pneumoniamnist_imagefolder_subset/val/0/00293.png,0,0.504805326461792,-0.0500214509665966,0.504805326461792,-0.0500214509665966,0.6352546811103821,0.36474525928497314,0.6352546811103821,0.36474525928497314,0.0,0.0,0.0,0.0,0,0,0,0
77,/data/wyb/pneumoniamnist_imagefolder_subset/val/0/00295.png,0,-0.0487397238612175,0.5531349778175354,-0.0487397238612175,0.5531349778175354,0.35391488671302795,0.6460850834846497,0.35391488671302795,0.6460850834846497,0.0,0.0,0.0,0.0,1,1,1,1
78,/data/wyb/pneumoniamnist_imagefolder_subset/val/0/00296.png,0,0.4911530315876007,-0.03339844197034836,0.4911530315876007,-0.03339844197034836,0.6282114386558533,0.3717885911464691,0.6282114386558533,0.3717885911464691,0.0,0.0,0.0,0.0,0,0,0,0
79,/data/wyb/pneumoniamnist_imagefolder_subset/val/0/00298.png,0,0.14964546263217926,0.3641352653503418,0.14964546263217926,0.3641352653503418,0.44658219814300537,0.5534178018569946,0.44658219814300537,0.5534178018569946,0.0,0.0,0.0,0.0,1,1,0,0
80,/data/wyb/pneumoniamnist_imagefolder_subset/val/0/00299.png,0,0.2535330653190613,0.2503284215927124,0.2535330653190613,0.2503284215927124,0.5008012056350708,0.49919888377189636,0.5008012056350708,0.49919888377189636,0.0,0.0,0.0,0.0,0,0,0,0
81,/data/wyb/pneumoniamnist_imagefolder_subset/val/0/00311.png,0,-0.014187699183821678,0.5201537609100342,-0.014187699183821678,0.5201537609100342,0.3695048987865448,0.6304951310157776,0.3695048987865448,0.6304951310157776,0.0,0.0,0.0,0.0,1,1,1,1
82,/data/wyb/pneumoniamnist_imagefolder_subset/val/0/00312.png,0,0.39257198572158813,0.08467988669872284,0.39257198572158813,0.08467988669872284,0.5763706564903259,0.4236293435096741,0.5763706564903259,0.4236293435096741,0.0,0.0,0.0,0.0,0,0,0,0
83,/data/wyb/pneumoniamnist_imagefolder_subset/val/0/00326.png,0,0.5341157913208008,-0.08025630563497543,0.5341157913208008,-0.08025630563497543,0.6489375233650208,0.35106250643730164,0.6489375233650208,0.35106250643730164,0.0,0.0,0.0,0.0,0,0,0,0
84,/data/wyb/pneumoniamnist_imagefolder_subset/val/0/00329.png,0,0.06061554327607155,0.45159101486206055,0.06061554327607155,0.45159101486206055,0.40348249673843384,0.5965175032615662,0.40348249673843384,0.5965175032615662,0.0,0.0,0.0,0.0,1,1,0,0
85,/data/wyb/pneumoniamnist_imagefolder_subset/val/0/00334.png,0,0.5262505412101746,-0.0702088326215744,0.5262505412101746,-0.0702088326215744,0.6448459029197693,0.3551541566848755,0.6448459029197693,0.3551541566848755,0.0,0.0,0.0,0.0,0,0,0,0
86,/data/wyb/pneumoniamnist_imagefolder_subset/val/0/00335.png,0,0.4232105612754822,0.04522883519530296,0.4232105612754822,0.04522883519530296,0.5933862328529358,0.4066137671470642,0.5933862328529358,0.4066137671470642,0.0,0.0,0.0,0.0,0,0,0,0
87,/data/wyb/pneumoniamnist_imagefolder_subset/val/0/00336.png,0,0.08162205666303635,0.43446069955825806,0.08162205666303635,0.43446069955825806,0.4126942455768585,0.5873057842254639,0.4126942455768585,0.5873057842254639,0.0,0.0,0.0,0.0,1,1,0,0
88,/data/wyb/pneumoniamnist_imagefolder_subset/val/0/00340.png,0,0.2584976553916931,0.2441374957561493,0.2584976553916931,0.2441374957561493,0.5035899877548218,0.4964100420475006,0.5035899877548218,0.4964100420475006,0.0,0.0,0.0,0.0,0,0,0,0
89,/data/wyb/pneumoniamnist_imagefolder_subset/val/0/00349.png,0,0.4828403890132904,-0.022949224337935448,0.4828403890132904,-0.022949224337935448,0.6238189339637756,0.376181036233902,0.6238189339637756,0.376181036233902,0.0,0.0,0.0,0.0,0,0,0,0
90,/data/wyb/pneumoniamnist_imagefolder_subset/val/0/00353.png,0,0.1320466548204422,0.3830502927303314,0.1320466548204422,0.3830502927303314,0.4375765025615692,0.5624235272407532,0.4375765025615692,0.5624235272407532,0.0,0.0,0.0,0.0,1,1,0,0
91,/data/wyb/pneumoniamnist_imagefolder_subset/val/0/00354.png,0,0.43581482768058777,0.036596231162548065,0.43581482768058777,0.036596231162548065,0.5984998941421509,0.4015001058578491,0.5984998941421509,0.4015001058578491,0.0,0.0,0.0,0.0,0,0,0,0
92,/data/wyb/pneumoniamnist_imagefolder_subset/val/0/00358.png,0,0.5402786731719971,-0.08268869668245316,0.5402786731719971,-0.08268869668245316,0.6508931517601013,0.34910690784454346,0.6508931517601013,0.34910690784454346,0.0,0.0,0.0,0.0,0,0,0,0
93,/data/wyb/pneumoniamnist_imagefolder_subset/val/0/00360.png,0,0.4017157554626465,0.07204117625951767,0.4017157554626465,0.07204117625951767,0.581680178642273,0.41831979155540466,0.581680178642273,0.41831979155540466,0.0,0.0,0.0,0.0,0,0,0,0
94,/data/wyb/pneumoniamnist_imagefolder_subset/val/0/00365.png,0,-0.07618094980716705,0.5760877132415771,-0.07618094980716705,0.5760877132415771,0.3424784541130066,0.6575214862823486,0.3424784541130066,0.6575214862823486,0.0,0.0,0.0,0.0,1,1,1,1
95,/data/wyb/pneumoniamnist_imagefolder_subset/val/0/00366.png,0,0.3784641921520233,0.10015477240085602,0.3784641921520233,0.10015477240085602,0.5691316723823547,0.4308682680130005,0.5691316723823547,0.4308682680130005,0.0,0.0,0.0,0.0,0,0,0,0
96,/data/wyb/pneumoniamnist_imagefolder_subset/val/0/00378.png,0,0.36343103647232056,0.11484204232692719,0.36343103647232056,0.11484204232692719,0.5618292093276978,0.438170850276947,0.5618292093276978,0.438170850276947,0.0,0.0,0.0,0.0,0,0,0,0
97,/data/wyb/pneumoniamnist_imagefolder_subset/val/0/00382.png,0,0.4150731861591339,0.05368788167834282,0.4150731861591339,0.05368788167834282,0.5893757343292236,0.410624235868454,0.5893757343292236,0.410624235868454,0.0,0.0,0.0,0.0,0,0,0,0
98,/data/wyb/pneumoniamnist_imagefolder_subset/val/0/00383.png,0,0.452157586812973,0.014052762649953365,0.452157586812973,0.014052762649953365,0.6078073382377625,0.39219263195991516,0.6078073382377625,0.39219263195991516,0.0,0.0,0.0,0.0,0,0,0,0
99,/data/wyb/pneumoniamnist_imagefolder_subset/val/0/00388.png,0,0.5034355521202087,-0.04501688852906227,0.5034355521202087,-0.04501688852906227,0.6337764263153076,0.3662235140800476,0.6337764263153076,0.3662235140800476,0.0,0.0,0.0,0.0,0,0,0,0
100,/data/wyb/pneumoniamnist_imagefolder_subset/val/0/00392.png,0,0.09801547229290009,0.4160093367099762,0.09801547229290009,0.4160093367099762,0.42116472125053406,0.5788352489471436,0.42116472125053406,0.5788352489471436,0.0,0.0,0.0,0.0,1,1,0,0
101,/data/wyb/pneumoniamnist_imagefolder_subset/val/0/00395.png,0,0.510866105556488,-0.054807744920253754,0.510866105556488,-0.054807744920253754,0.6377643346786499,0.3622356653213501,0.6377643346786499,0.3622356653213501,0.0,0.0,0.0,0.0,0,0,0,0
102,/data/wyb/pneumoniamnist_imagefolder_subset/val/0/00403.png,0,0.5129316449165344,-0.06097545474767685,0.5129316449165344,-0.06097545474767685,0.6396642327308655,0.3603357970714569,0.6396642327308655,0.3603357970714569,0.0,0.0,0.0,0.0,0,0,0,0
103,/data/wyb/pneumoniamnist_imagefolder_subset/val/0/00406.png,0,0.5419639945030212,-0.09041731059551239,0.5419639945030212,-0.09041731059551239,0.653029203414917,0.3469707667827606,0.653029203414917,0.3469707667827606,0.0,0.0,0.0,0.0,0,0,0,0
104,/data/wyb/pneumoniamnist_imagefolder_subset/val/0/00409.png,0,0.04501812905073166,0.4676859974861145,0.04501812905073166,0.4676859974861145,0.39587852358818054,0.6041214466094971,0.39587852358818054,0.6041214466094971,0.0,0.0,0.0,0.0,1,1,0,0
105,/data/wyb/pneumoniamnist_imagefolder_subset/val/0/00411.png,0,0.562919557094574,-0.10547264665365219,0.562919557094574,-0.10547264665365219,0.6611430644989014,0.338856965303421,0.6611430644989014,0.338856965303421,0.0,0.0,0.0,0.0,0,0,0,0
106,/data/wyb/pneumoniamnist_imagefolder_subset/val/0/00416.png,0,-0.07063755393028259,0.5740031003952026,-0.07063755393028259,0.5740031003952026,0.3441982567310333,0.6558017730712891,0.3441982567310333,0.6558017730712891,0.0,0.0,0.0,0.0,1,1,1,1
107,/data/wyb/pneumoniamnist_imagefolder_subset/val/0/00417.png,0,-0.04019422456622124,0.5457966923713684,-0.04019422456622124,0.5457966923713684,0.35755524039268494,0.6424447298049927,0.35755524039268494,0.6424447298049927,0.0,0.0,0.0,0.0,1,1,1,1
108,/data/wyb/pneumoniamnist_imagefolder_subset/val/0/00420.png,0,0.5497501492500305,-0.09503792971372604,0.5497501492500305,-0.09503792971372604,0.6558350324630737,0.34416499733924866,0.6558350324630737,0.34416499733924866,0.0,0.0,0.0,0.0,0,0,0,0
109,/data/wyb/pneumoniamnist_imagefolder_subset/val/0/00424.png,0,0.5290880799293518,-0.07581515610218048,0.5290880799293518,-0.07581515610218048,0.6467772722244263,0.35322269797325134,0.6467772722244263,0.35322269797325134,0.0,0.0,0.0,0.0,0,0,0,0
110,/data/wyb/pneumoniamnist_imagefolder_subset/val/0/00429.png,0,-0.0591171570122242,0.5637806057929993,-0.0591171570122242,0.5637806057929993,0.34912267327308655,0.6508772969245911,0.34912267327308655,0.6508772969245911,0.0,0.0,0.0,0.0,1,1,1,1
111,/data/wyb/pneumoniamnist_imagefolder_subset/val/0/00433.png,0,0.38307228684425354,0.0914580225944519,0.38307228684425354,0.0914580225944519,0.5723912715911865,0.4276086688041687,0.5723912715911865,0.4276086688041687,0.0,0.0,0.0,0.0,0,0,0,0
112,/data/wyb/pneumoniamnist_imagefolder_subset/val/0/00437.png,0,-0.05293210223317146,0.5558585524559021,-0.05293210223317146,0.5558585524559021,0.352335125207901,0.6476649045944214,0.352335125207901,0.6476649045944214,0.0,0.0,0.0,0.0,1,1,1,1
113,/data/wyb/pneumoniamnist_imagefolder_subset/val/0/00438.png,0,0.40065714716911316,0.07326149940490723,0.40065714716911316,0.07326149940490723,0.5811255574226379,0.4188744127750397,0.5811255574226379,0.4188744127750397,0.0,0.0,0.0,0.0,0,0,0,0
114,/data/wyb/pneumoniamnist_imagefolder_subset/val/0/00454.png,0,0.425052285194397,0.038652483373880386,0.425052285194397,0.038652483373880386,0.5954157114028931,0.40458425879478455,0.5954157114028931,0.40458425879478455,0.0,0.0,0.0,0.0,0,0,0,0
115,/data/wyb/pneumoniamnist_imagefolder_subset/val/0/00455.png,0,0.3463453948497772,0.13938190042972565,0.3463453948497772,0.13938190042972565,0.5515570044517517,0.44844305515289307,0.5515570044517517,0.44844305515289307,0.0,0.0,0.0,0.0,0,0,0,0
116,/data/wyb/pneumoniamnist_imagefolder_subset/val/0/00456.png,0,-0.09890484064817429,0.5983129143714905,-0.09890484064817429,0.5983129143714905,0.33242934942245483,0.6675705909729004,0.33242934942245483,0.6675705909729004,0.0,0.0,0.0,0.0,1,1,1,1
117,/data/wyb/pneumoniamnist_imagefolder_subset/val/0/00459.png,0,0.4750043749809265,-0.016933493316173553,0.4750043749809265,-0.016933493316173553,0.6205627918243408,0.3794371485710144,0.6205627918243408,0.3794371485710144,0.0,0.0,0.0,0.0,0,0,0,0
118,/data/wyb/pneumoniamnist_imagefolder_subset/val/0/00463.png,0,0.429274320602417,0.03793947771191597,0.429274320602417,0.03793947771191597,0.5966039896011353,0.40339601039886475,0.5966039896011353,0.40339601039886475,0.0,0.0,0.0,0.0,0,0,0,0
119,/data/wyb/pneumoniamnist_imagefolder_subset/val/0/00471.png,0,0.5607544779777527,-0.10610334575176239,0.5607544779777527,-0.10610334575176239,0.6607992053031921,0.3392007648944855,0.6607992053031921,0.3392007648944855,0.0,0.0,0.0,0.0,0,0,0,0
120,/data/wyb/pneumoniamnist_imagefolder_subset/val/0/00476.png,0,0.3617362082004547,0.11819160729646683,0.3617362082004547,0.11819160729646683,0.5605869889259338,0.43941304087638855,0.5605869889259338,0.43941304087638855,0.0,0.0,0.0,0.0,0,0,0,0
121,/data/wyb/pneumoniamnist_imagefolder_subset/val/0/00478.png,0,0.5267476439476013,-0.07160025089979172,0.5267476439476013,-0.07160025089979172,0.6452782154083252,0.3547217547893524,0.6452782154083252,0.3547217547893524,0.0,0.0,0.0,0.0,0,0,0,0
122,/data/wyb/pneumoniamnist_imagefolder_subset/val/0/00479.png,0,-0.08491718024015427,0.5822885036468506,-0.08491718024015427,0.5822885036468506,0.33912280201911926,0.6608771681785583,0.33912280201911926,0.6608771681785583,0.0,0.0,0.0,0.0,1,1,1,1
123,/data/wyb/pneumoniamnist_imagefolder_subset/val/0/00483.png,0,0.5190697312355042,-0.06093838810920715,0.5190697312355042,-0.06093838810920715,0.6410692930221558,0.35893070697784424,0.6410692930221558,0.35893070697784424,0.0,0.0,0.0,0.0,0,0,0,0
124,/data/wyb/pneumoniamnist_imagefolder_subset/val/0/00484.png,0,0.510140061378479,-0.05937054753303528,0.510140061378479,-0.05937054753303528,0.6386502385139465,0.36134976148605347,0.6386502385139465,0.36134976148605347,0.0,0.0,0.0,0.0,0,0,0,0
125,/data/wyb/pneumoniamnist_imagefolder_subset/val/0/00490.png,0,0.29393237829208374,0.20109423995018005,0.29393237829208374,0.20109423995018005,0.5231928825378418,0.4768071174621582,0.5231928825378418,0.4768071174621582,0.0,0.0,0.0,0.0,0,0,0,0
126,/data/wyb/pneumoniamnist_imagefolder_subset/val/0/00491.png,0,0.4940478503704071,-0.04005991294980049,0.4940478503704071,-0.04005991294980049,0.6304406523704529,0.36955931782722473,0.6304406523704529,0.36955931782722473,0.0,0.0,0.0,0.0,0,0,0,0
127,/data/wyb/pneumoniamnist_imagefolder_subset/val/0/00496.png,0,0.4673871695995331,-0.008210565894842148,0.4673871695995331,-0.008210565894842148,0.6167078614234924,0.38329222798347473,0.6167078614234924,0.38329222798347473,0.0,0.0,0.0,0.0,0,0,0,0
128,/data/wyb/pneumoniamnist_imagefolder_subset/val/0/00498.png,0,0.5278440117835999,-0.07328134030103683,0.5278440117835999,-0.07328134030103683,0.6459137201309204,0.3540862500667572,0.6459137201309204,0.3540862500667572,0.0,0.0,0.0,0.0,0,0,0,0
129,/data/wyb/pneumoniamnist_imagefolder_subset/val/0/00500.png,0,0.5481064319610596,-0.09298703074455261,0.5481064319610596,-0.09298703074455261,0.6550005674362183,0.34499940276145935,0.6550005674362183,0.34499940276145935,0.0,0.0,0.0,0.0,0,0,0,0
130,/data/wyb/pneumoniamnist_imagefolder_subset/val/0/00502.png,0,0.24525022506713867,0.26164206862449646,0.24525022506713867,0.26164206862449646,0.4959021210670471,0.5040978789329529,0.4959021210670471,0.5040978789329529,0.0,0.0,0.0,0.0,1,1,0,0
131,/data/wyb/pneumoniamnist_imagefolder_subset/val/0/00505.png,0,0.5536103248596191,-0.09800886362791061,0.5536103248596191,-0.09800886362791061,0.6573752760887146,0.3426247835159302,0.6573752760887146,0.3426247835159302,0.0,0.0,0.0,0.0,0,0,0,0
132,/data/wyb/pneumoniamnist_imagefolder_subset/val/0/00509.png,0,0.4784279465675354,-0.02408904954791069,0.4784279465675354,-0.02408904954791069,0.6230506300926208,0.37694936990737915,0.6230506300926208,0.37694936990737915,0.0,0.0,0.0,0.0,0,0,0,0
133,/data/wyb/pneumoniamnist_imagefolder_subset/val/0/00519.png,0,0.2653341591358185,0.23664040863513947,0.2653341591358185,0.23664040863513947,0.5071729421615601,0.49282705783843994,0.5071729421615601,0.49282705783843994,0.0,0.0,0.0,0.0,0,0,0,0
134,/data/wyb/pneumoniamnist_imagefolder_subset/val/0/00522.png,0,0.45379137992858887,0.0043183304369449615,0.45379137992858887,0.0043183304369449615,0.6105139255523682,0.38948604464530945,0.6105139255523682,0.38948604464530945,0.0,0.0,0.0,0.0,0,0,0,0
135,/data/wyb/pneumoniamnist_imagefolder_subset/val/1/00000.png,1,-0.16439752280712128,0.6493743658065796,-0.16439752280712128,0.6493743658065796,0.30708733201026917,0.6929126977920532,0.30708733201026917,0.6929126977920532,0.0,0.0,0.0,0.0,1,1,1,1
136,/data/wyb/pneumoniamnist_imagefolder_subset/val/1/00001.png,1,0.28253450989723206,0.2182217538356781,0.28253450989723206,0.2182217538356781,0.5160726308822632,0.48392730951309204,0.5160726308822632,0.48392730951309204,0.0,0.0,0.0,0.0,0,0,0,0
137,/data/wyb/pneumoniamnist_imagefolder_subset/val/1/00002.png,1,-0.13350793719291687,0.6221555471420288,-0.13350793719291687,0.6221555471420288,0.31958848237991333,0.6804114580154419,0.31958848237991333,0.6804114580154419,0.0,0.0,0.0,0.0,1,1,1,1
138,/data/wyb/pneumoniamnist_imagefolder_subset/val/1/00004.png,1,-0.1277586817741394,0.6158881783485413,-0.1277586817741394,0.6158881783485413,0.3222072124481201,0.6777928471565247,0.3222072124481201,0.6777928471565247,0.0,0.0,0.0,0.0,1,1,1,1
139,/data/wyb/pneumoniamnist_imagefolder_subset/val/1/00005.png,1,-0.09020490944385529,0.5815429091453552,-0.09020490944385529,0.5815429091453552,0.33810558915138245,0.6618944406509399,0.33810558915138245,0.6618944406509399,0.0,0.0,0.0,0.0,1,1,1,1
140,/data/wyb/pneumoniamnist_imagefolder_subset/val/1/00006.png,1,-0.1355014443397522,0.6267048120498657,-0.1355014443397522,0.6267048120498657,0.31816744804382324,0.6818325519561768,0.31816744804382324,0.6818325519561768,0.0,0.0,0.0,0.0,1,1,1,1
141,/data/wyb/pneumoniamnist_imagefolder_subset/val/1/00008.png,1,-0.15212319791316986,0.641542911529541,-0.15212319791316986,0.641542911529541,0.3113820254802704,0.688618004322052,0.3113820254802704,0.688618004322052,0.0,0.0,0.0,0.0,1,1,1,1
142,/data/wyb/pneumoniamnist_imagefolder_subset/val/1/00009.png,1,0.4986659288406372,-0.042952846735715866,0.4986659288406372,-0.042952846735715866,0.6321889162063599,0.3678111135959625,0.6321889162063599,0.3678111135959625,0.0,0.0,0.0,0.0,0,0,0,0
143,/data/wyb/pneumoniamnist_imagefolder_subset/val/1/00010.png,1,-0.16176685690879822,0.6494166254997253,-0.16176685690879822,0.6494166254997253,0.30763837695121765,0.6923616528511047,0.30763837695121765,0.6923616528511047,0.0,0.0,0.0,0.0,1,1,1,1
144,/data/wyb/pneumoniamnist_imagefolder_subset/val/1/00012.png,1,-0.14494101703166962,0.6357354521751404,-0.14494101703166962,0.6357354521751404,0.3141741156578064,0.6858258843421936,0.3141741156578064,0.6858258843421936,0.0,0.0,0.0,0.0,1,1,1,1
145,/data/wyb/pneumoniamnist_imagefolder_subset/val/1/00013.png,1,-0.1617397665977478,0.646740734577179,-0.1617397665977478,0.646740734577179,0.308214396238327,0.6917856335639954,0.308214396238327,0.6917856335639954,0.0,0.0,0.0,0.0,1,1,1,1
146,/data/wyb/pneumoniamnist_imagefolder_subset/val/1/00015.png,1,-0.1307685524225235,0.6234800219535828,-0.1307685524225235,0.6234800219535828,0.31989628076553345,0.6801037192344666,0.31989628076553345,0.6801037192344666,0.0,0.0,0.0,0.0,1,1,1,1
147,/data/wyb/pneumoniamnist_imagefolder_subset/val/1/00016.png,1,-0.07658076286315918,0.5778952240943909,-0.07658076286315918,0.5778952240943909,0.3419816195964813,0.6580184102058411,0.3419816195964813,0.6580184102058411,0.0,0.0,0.0,0.0,1,1,1,1
148,/data/wyb/pneumoniamnist_imagefolder_subset/val/1/00017.png,1,-0.13293294608592987,0.625399112701416,-0.13293294608592987,0.625399112701416,0.3190085291862488,0.680991530418396,0.3190085291862488,0.680991530418396,0.0,0.0,0.0,0.0,1,1,1,1
149,/data/wyb/pneumoniamnist_imagefolder_subset/val/1/00018.png,1,-0.1465967446565628,0.6348938941955566,-0.1465967446565628,0.6348938941955566,0.3139986991882324,0.6860013008117676,0.3139986991882324,0.6860013008117676,0.0,0.0,0.0,0.0,1,1,1,1
150,/data/wyb/pneumoniamnist_imagefolder_subset/val/1/00019.png,1,-0.1486467570066452,0.6393744945526123,-0.1486467570066452,0.6393744945526123,0.3125936985015869,0.6874063014984131,0.3125936985015869,0.6874063014984131,0.0,0.0,0.0,0.0,1,1,1,1
151,/data/wyb/pneumoniamnist_imagefolder_subset/val/1/00020.png,1,-0.11740034818649292,0.6068554520606995,-0.11740034818649292,0.6068554520606995,0.3264564871788025,0.6735434532165527,0.3264564871788025,0.6735434532165527,0.0,0.0,0.0,0.0,1,1,1,1
152,/data/wyb/pneumoniamnist_imagefolder_subset/val/1/00021.png,1,-0.14603382349014282,0.6371203660964966,-0.14603382349014282,0.6371203660964966,0.3136405050754547,0.6863595247268677,0.3136405050754547,0.6863595247268677,0.0,0.0,0.0,0.0,1,1,1,1
153,/data/wyb/pneumoniamnist_imagefolder_subset/val/1/00023.png,1,-0.1515956073999405,0.6421322822570801,-0.1515956073999405,0.6421322822570801,0.31136879324913025,0.6886312365531921,0.31136879324913025,0.6886312365531921,0.0,0.0,0.0,0.0,1,1,1,1
154,/data/wyb/pneumoniamnist_imagefolder_subset/val/1/00024.png,1,-0.021800296381115913,0.5299529433250427,-0.021800296381115913,0.5299529433250427,0.3654577434062958,0.6345422267913818,0.3654577434062958,0.6345422267913818,0.0,0.0,0.0,0.0,1,1,1,1
155,/data/wyb/pneumoniamnist_imagefolder_subset/val/1/00025.png,1,-0.12542319297790527,0.6196434497833252,-0.12542319297790527,0.6196434497833252,0.3218972384929657,0.6781028509140015,0.3218972384929657,0.6781028509140015,0.0,0.0,0.0,0.0,1,1,1,1
156,/data/wyb/pneumoniamnist_imagefolder_subset/val/1/00026.png,1,-0.10513017326593399,0.6028335690498352,-0.10513017326593399,0.6028335690498352,0.33004891872406006,0.6699510812759399,0.33004891872406006,0.6699510812759399,0.0,0.0,0.0,0.0,1,1,1,1
157,/data/wyb/pneumoniamnist_imagefolder_subset/val/1/00027.png,1,-0.1616414189338684,0.6480932831764221,-0.1616414189338684,0.6480932831764221,0.3079470098018646,0.692052960395813,0.3079470098018646,0.692052960395813,0.0,0.0,0.0,0.0,1,1,1,1
158,/data/wyb/pneumoniamnist_imagefolder_subset/val/1/00029.png,1,-0.13350708782672882,0.6277462840080261,-0.13350708782672882,0.6277462840080261,0.3183742165565491,0.6816257834434509,0.3183742165565491,0.6816257834434509,0.0,0.0,0.0,0.0,1,1,1,1
159,/data/wyb/pneumoniamnist_imagefolder_subset/val/1/00032.png,1,-0.13481642305850983,0.6290316581726074,-0.13481642305850983,0.6290316581726074,0.31781139969825745,0.6821886301040649,0.31781139969825745,0.6821886301040649,0.0,0.0,0.0,0.0,1,1,1,1
160,/data/wyb/pneumoniamnist_imagefolder_subset/val/1/00034.png,1,0.0631701722741127,0.44846463203430176,0.0631701722741127,0.44846463203430176,0.4048506021499634,0.5951494574546814,0.4048506021499634,0.5951494574546814,0.0,0.0,0.0,0.0,1,1,0,0
161,/data/wyb/pneumoniamnist_imagefolder_subset/val/1/00036.png,1,-0.17897607386112213,0.6600891947746277,-0.17897607386112213,0.6600891947746277,0.301731675863266,0.6982682943344116,0.301731675863266,0.6982682943344116,0.0,0.0,0.0,0.0,1,1,1,1
162,/data/wyb/pneumoniamnist_imagefolder_subset/val/1/00039.png,1,-0.13925966620445251,0.6270296573638916,-0.13925966620445251,0.6270296573638916,0.3172823488712311,0.6827176809310913,0.3172823488712311,0.6827176809310913,0.0,0.0,0.0,0.0,1,1,1,1
163,/data/wyb/pneumoniamnist_imagefolder_subset/val/1/00041.png,1,-0.1582460105419159,0.6456137299537659,-0.1582460105419159,0.6456137299537659,0.3092005252838135,0.6907995343208313,0.3092005252838135,0.6907995343208313,0.0,0.0,0.0,0.0,1,1,1,1
164,/data/wyb/pneumoniamnist_imagefolder_subset/val/1/00042.png,1,-0.16196660697460175,0.6506094336509705,-0.16196660697460175,0.6506094336509705,0.3073418438434601,0.6926581859588623,0.3073418438434601,0.6926581859588623,0.0,0.0,0.0,0.0,1,1,1,1
165,/data/wyb/pneumoniamnist_imagefolder_subset/val/1/00043.png,1,-0.1477378010749817,0.636414647102356,-0.1477378010749817,0.636414647102356,0.31342563033103943,0.6865743398666382,0.31342563033103943,0.6865743398666382,0.0,0.0,0.0,0.0,1,1,1,1
166,/data/wyb/pneumoniamnist_imagefolder_subset/val/1/00044.png,1,-0.1385447084903717,0.6313992738723755,-0.1385447084903717,0.6313992738723755,0.3164912164211273,0.6835087537765503,0.3164912164211273,0.6835087537765503,0.0,0.0,0.0,0.0,1,1,1,1
167,/data/wyb/pneumoniamnist_imagefolder_subset/val/1/00047.png,1,-0.11368837207555771,0.6087019443511963,-0.11368837207555771,0.6087019443511963,0.32686683535575867,0.673133134841919,0.32686683535575867,0.673133134841919,0.0,0.0,0.0,0.0,1,1,1,1
168,/data/wyb/pneumoniamnist_imagefolder_subset/val/1/00048.png,1,-0.13651013374328613,0.6270336508750916,-0.13651013374328613,0.6270336508750916,0.3178773820400238,0.6821226477622986,0.3178773820400238,0.6821226477622986,0.0,0.0,0.0,0.0,1,1,1,1
169,/data/wyb/pneumoniamnist_imagefolder_subset/val/1/00050.png,1,-0.02422087825834751,0.5338342189788818,-0.02422087825834751,0.5338342189788818,0.36399757862091064,0.6360024213790894,0.36399757862091064,0.6360024213790894,0.0,0.0,0.0,0.0,1,1,1,1
170,/data/wyb/pneumoniamnist_imagefolder_subset/val/1/00051.png,1,-0.15316708385944366,0.6419814229011536,-0.15316708385944366,0.6419814229011536,0.3110642433166504,0.6889356970787048,0.3110642433166504,0.6889356970787048,0.0,0.0,0.0,0.0,1,1,1,1
171,/data/wyb/pneumoniamnist_imagefolder_subset/val/1/00053.png,1,-0.09480834007263184,0.5916057825088501,-0.09480834007263184,0.5916057825088501,0.33483126759529114,0.6651687622070312,0.33483126759529114,0.6651687622070312,0.0,0.0,0.0,0.0,1,1,1,1
172,/data/wyb/pneumoniamnist_imagefolder_subset/val/1/00054.png,1,-0.12461792677640915,0.61968994140625,-0.12461792677640915,0.61968994140625,0.3220628499984741,0.6779371500015259,0.3220628499984741,0.6779371500015259,0.0,0.0,0.0,0.0,1,1,1,1
173,/data/wyb/pneumoniamnist_imagefolder_subset/val/1/00056.png,1,-0.08983426541090012,0.5846763849258423,-0.08983426541090012,0.5846763849258423,0.3374875485897064,0.6625124216079712,0.3374875485897064,0.6625124216079712,0.0,0.0,0.0,0.0,1,1,1,1
174,/data/wyb/pneumoniamnist_imagefolder_subset/val/1/00057.png,1,-0.16228026151657104,0.6481165289878845,-0.16228026151657104,0.6481165289878845,0.30780595541000366,0.6921940445899963,0.30780595541000366,0.6921940445899963,0.0,0.0,0.0,0.0,1,1,1,1
175,/data/wyb/pneumoniamnist_imagefolder_subset/val/1/00058.png,1,-0.14340387284755707,0.6333932280540466,-0.14340387284755707,0.6333932280540466,0.31501060724258423,0.6849894523620605,0.31501060724258423,0.6849894523620605,0.0,0.0,0.0,0.0,1,1,1,1
176,/data/wyb/pneumoniamnist_imagefolder_subset/val/1/00059.png,1,-0.04113340005278587,0.5496891140937805,-0.04113340005278587,0.5496891140937805,0.35644614696502686,0.6435538530349731,0.35644614696502686,0.6435538530349731,0.0,0.0,0.0,0.0,1,1,1,1
177,/data/wyb/pneumoniamnist_imagefolder_subset/val/1/00060.png,1,-0.14642581343650818,0.6384281516075134,-0.14642581343650818,0.6384281516075134,0.31327471137046814,0.6867253184318542,0.31327471137046814,0.6867253184318542,0.0,0.0,0.0,0.0,1,1,1,1
178,/data/wyb/pneumoniamnist_imagefolder_subset/val/1/00061.png,1,-0.1571577787399292,0.6414422988891602,-0.1571577787399292,0.6414422988891602,0.3103250563144684,0.6896749138832092,0.3103250563144684,0.6896749138832092,0.0,0.0,0.0,0.0,1,1,1,1
179,/data/wyb/pneumoniamnist_imagefolder_subset/val/1/00062.png,1,-0.10772698372602463,0.6026125550270081,-0.10772698372602463,0.6026125550270081,0.32952383160591125,0.6704761981964111,0.32952383160591125,0.6704761981964111,0.0,0.0,0.0,0.0,1,1,1,1
180,/data/wyb/pneumoniamnist_imagefolder_subset/val/1/00063.png,1,-0.14832338690757751,0.6408058404922485,-0.14832338690757751,0.6408058404922485,0.3123556673526764,0.687644362449646,0.3123556673526764,0.687644362449646,0.0,0.0,0.0,0.0,1,1,1,1
181,/data/wyb/pneumoniamnist_imagefolder_subset/val/1/00064.png,1,-0.16460615396499634,0.648841381072998,-0.16460615396499634,0.648841381072998,0.3071563243865967,0.6928436756134033,0.3071563243865967,0.6928436756134033,0.0,0.0,0.0,0.0,1,1,1,1
182,/data/wyb/pneumoniamnist_imagefolder_subset/val/1/00065.png,1,-0.11624439060688019,0.6109727025032043,-0.11624439060688019,0.6109727025032043,0.3258056938648224,0.6741942763328552,0.3258056938648224,0.6741942763328552,0.0,0.0,0.0,0.0,1,1,1,1
183,/data/wyb/pneumoniamnist_imagefolder_subset/val/1/00066.png,1,-0.14000295102596283,0.632341742515564,-0.14000295102596283,0.632341742515564,0.31597211956977844,0.6840278506278992,0.31597211956977844,0.6840278506278992,0.0,0.0,0.0,0.0,1,1,1,1
184,/data/wyb/pneumoniamnist_imagefolder_subset/val/1/00067.png,1,-0.13886775076389313,0.6320251822471619,-0.13886775076389313,0.6320251822471619,0.31628599762916565,0.6837140321731567,0.31628599762916565,0.6837140321731567,0.0,0.0,0.0,0.0,1,1,1,1
185,/data/wyb/pneumoniamnist_imagefolder_subset/val/1/00068.png,1,-0.13815371692180634,0.6297090649604797,-0.13815371692180634,0.6297090649604797,0.31694158911705017,0.6830583810806274,0.31694158911705017,0.6830583810806274,0.0,0.0,0.0,0.0,1,1,1,1
186,/data/wyb/pneumoniamnist_imagefolder_subset/val/1/00070.png,1,-0.0571407675743103,0.5534253120422363,-0.0571407675743103,0.5534253120422363,0.35193008184432983,0.6480699181556702,0.35193008184432983,0.6480699181556702,0.0,0.0,0.0,0.0,1,1,1,1
187,/data/wyb/pneumoniamnist_imagefolder_subset/val/1/00071.png,1,-0.1406998634338379,0.6283575892448425,-0.1406998634338379,0.6283575892448425,0.3166830241680145,0.6833169460296631,0.3166830241680145,0.6833169460296631,0.0,0.0,0.0,0.0,1,1,1,1
188,/data/wyb/pneumoniamnist_imagefolder_subset/val/1/00073.png,1,-0.11383162438869476,0.6086353063583374,-0.11383162438869476,0.6086353063583374,0.3268499970436096,0.6731500625610352,0.3268499970436096,0.6731500625610352,0.0,0.0,0.0,0.0,1,1,1,1
189,/data/wyb/pneumoniamnist_imagefolder_subset/val/1/00075.png,1,-0.15243376791477203,0.6430060267448425,-0.15243376791477203,0.6430060267448425,0.31100183725357056,0.6889981627464294,0.31100183725357056,0.6889981627464294,0.0,0.0,0.0,0.0,1,1,1,1
190,/data/wyb/pneumoniamnist_imagefolder_subset/val/1/00076.png,1,-0.14507320523262024,0.6344283819198608,-0.14507320523262024,0.6344283819198608,0.31442728638648987,0.685572624206543,0.31442728638648987,0.685572624206543,0.0,0.0,0.0,0.0,1,1,1,1
191,/data/wyb/pneumoniamnist_imagefolder_subset/val/1/00077.png,1,-0.12027152627706528,0.6144121885299683,-0.12027152627706528,0.6144121885299683,0.32416775822639465,0.675832211971283,0.32416775822639465,0.675832211971283,0.0,0.0,0.0,0.0,1,1,1,1
192,/data/wyb/pneumoniamnist_imagefolder_subset/val/1/00078.png,1,-0.14824798703193665,0.6391375660896301,-0.14824798703193665,0.6391375660896301,0.3127303421497345,0.6872697472572327,0.3127303421497345,0.6872697472572327,0.0,0.0,0.0,0.0,1,1,1,1
193,/data/wyb/pneumoniamnist_imagefolder_subset/val/1/00079.png,1,-0.15281729400157928,0.6396363973617554,-0.15281729400157928,0.6396363973617554,0.311642050743103,0.688357949256897,0.311642050743103,0.688357949256897,0.0,0.0,0.0,0.0,1,1,1,1
194,/data/wyb/pneumoniamnist_imagefolder_subset/val/1/00080.png,1,-0.1759052276611328,0.6587263941764832,-0.1759052276611328,0.6587263941764832,0.30266663432121277,0.6973333954811096,0.30266663432121277,0.6973333954811096,0.0,0.0,0.0,0.0,1,1,1,1
195,/data/wyb/pneumoniamnist_imagefolder_subset/val/1/00082.png,1,-0.1401505470275879,0.6319872736930847,-0.1401505470275879,0.6319872736930847,0.3160168528556824,0.6839832067489624,0.3160168528556824,0.6839832067489624,0.0,0.0,0.0,0.0,1,1,1,1
196,/data/wyb/pneumoniamnist_imagefolder_subset/val/1/00084.png,1,0.032395344227552414,0.4716183543205261,0.032395344227552414,0.4716183543205261,0.3919261395931244,0.608073890209198,0.3919261395931244,0.608073890209198,0.0,0.0,0.0,0.0,1,1,1,1
197,/data/wyb/pneumoniamnist_imagefolder_subset/val/1/00085.png,1,-0.14341260492801666,0.6334378719329834,-0.14341260492801666,0.6334378719329834,0.3149990737438202,0.6850009560585022,0.3149990737438202,0.6850009560585022,0.0,0.0,0.0,0.0,1,1,1,1
198,/data/wyb/pneumoniamnist_imagefolder_subset/val/1/00086.png,1,-0.1336119920015335,0.6273388266563416,-0.1336119920015335,0.6273388266563416,0.31843987107276917,0.6815601587295532,0.31843987107276917,0.6815601587295532,0.0,0.0,0.0,0.0,1,1,1,1
199,/data/wyb/pneumoniamnist_imagefolder_subset/val/1/00087.png,1,-0.09812914580106735,0.5967440605163574,-0.09812914580106735,0.5967440605163574,0.3329498767852783,0.6670501232147217,0.3329498767852783,0.6670501232147217,0.0,0.0,0.0,0.0,1,1,1,1
200,/data/wyb/pneumoniamnist_imagefolder_subset/val/1/00088.png,1,-0.17025606334209442,0.6498320698738098,-0.17025606334209442,0.6498320698738098,0.3057449460029602,0.6942550539970398,0.3057449460029602,0.6942550539970398,0.0,0.0,0.0,0.0,1,1,1,1
201,/data/wyb/pneumoniamnist_imagefolder_subset/val/1/00089.png,1,-0.15084147453308105,0.6403853297233582,-0.15084147453308105,0.6403853297233582,0.3119053244590759,0.6880947351455688,0.3119053244590759,0.6880947351455688,0.0,0.0,0.0,0.0,1,1,1,1
202,/data/wyb/pneumoniamnist_imagefolder_subset/val/1/00091.png,1,-0.15352439880371094,0.6412339210510254,-0.15352439880371094,0.6412339210510254,0.3111478388309479,0.688852071762085,0.3111478388309479,0.688852071762085,0.0,0.0,0.0,0.0,1,1,1,1
203,/data/wyb/pneumoniamnist_imagefolder_subset/val/1/00092.png,1,-0.1421889364719391,0.6344200968742371,-0.1421889364719391,0.6344200968742371,0.3150511682033539,0.6849488019943237,0.3150511682033539,0.6849488019943237,0.0,0.0,0.0,0.0,1,1,1,1
204,/data/wyb/pneumoniamnist_imagefolder_subset/val/1/00094.png,1,-0.18367712199687958,0.6641173958778381,-0.18367712199687958,0.6641173958778381,0.299895703792572,0.700104296207428,0.299895703792572,0.700104296207428,0.0,0.0,0.0,0.0,1,1,1,1
205,/data/wyb/pneumoniamnist_imagefolder_subset/val/1/00095.png,1,-0.15697461366653442,0.6438766121864319,-0.15697461366653442,0.6438766121864319,0.3098434507846832,0.6901565194129944,0.3098434507846832,0.6901565194129944,0.0,0.0,0.0,0.0,1,1,1,1
206,/data/wyb/pneumoniamnist_imagefolder_subset/val/1/00096.png,1,0.5243595838546753,-0.07136856764554977,0.5243595838546753,-0.07136856764554977,0.6446784138679504,0.3553216755390167,0.6446784138679504,0.3553216755390167,0.0,0.0,0.0,0.0,0,0,0,0
207,/data/wyb/pneumoniamnist_imagefolder_subset/val/1/00097.png,1,-0.08629882335662842,0.585751473903656,-0.08629882335662842,0.585751473903656,0.33803790807724,0.6619621515274048,0.33803790807724,0.6619621515274048,0.0,0.0,0.0,0.0,1,1,1,1
208,/data/wyb/pneumoniamnist_imagefolder_subset/val/1/00098.png,1,-0.1565125286579132,0.6444322466850281,-0.1565125286579132,0.6444322466850281,0.3098234534263611,0.6901765465736389,0.3098234534263611,0.6901765465736389,0.0,0.0,0.0,0.0,1,1,1,1
209,/data/wyb/pneumoniamnist_imagefolder_subset/val/1/00099.png,1,-0.15483003854751587,0.6437647342681885,-0.15483003854751587,0.6437647342681885,0.3103261888027191,0.6896737813949585,0.3103261888027191,0.6896737813949585,0.0,0.0,0.0,0.0,1,1,1,1
210,/data/wyb/pneumoniamnist_imagefolder_subset/val/1/00100.png,1,-0.15310123562812805,0.6411473155021667,-0.15310123562812805,0.6411473155021667,0.31125712394714355,0.6887428164482117,0.31125712394714355,0.6887428164482117,0.0,0.0,0.0,0.0,1,1,1,1
211,/data/wyb/pneumoniamnist_imagefolder_subset/val/1/00101.png,1,-0.14968575537204742,0.6387849450111389,-0.14968575537204742,0.6387849450111389,0.3124971389770508,0.6875028610229492,0.3124971389770508,0.6875028610229492,0.0,0.0,0.0,0.0,1,1,1,1
212,/data/wyb/pneumoniamnist_imagefolder_subset/val/1/00102.png,1,-0.14800947904586792,0.6350333094596863,-0.14800947904586792,0.6350333094596863,0.3136644661426544,0.6863355040550232,0.3136644661426544,0.6863355040550232,0.0,0.0,0.0,0.0,1,1,1,1
213,/data/wyb/pneumoniamnist_imagefolder_subset/val/1/00103.png,1,-0.12219607084989548,0.6163548231124878,-0.12219607084989548,0.6163548231124878,0.3233211040496826,0.6766788959503174,0.3233211040496826,0.6766788959503174,0.0,0.0,0.0,0.0,1,1,1,1
214,/data/wyb/pneumoniamnist_imagefolder_subset/val/1/00104.png,1,-0.14973901212215424,0.6394287943840027,-0.14973901212215424,0.6394287943840027,0.3123473525047302,0.687652587890625,0.3123473525047302,0.687652587890625,0.0,0.0,0.0,0.0,1,1,1,1
215,/data/wyb/pneumoniamnist_imagefolder_subset/val/1/00105.png,1,-0.15108878910541534,0.6410519480705261,-0.15108878910541534,0.6410519480705261,0.3117091953754425,0.6882907748222351,0.3117091953754425,0.6882907748222351,0.0,0.0,0.0,0.0,1,1,1,1
216,/data/wyb/pneumoniamnist_imagefolder_subset/val/1/00107.png,1,-0.12070592492818832,0.6123616099357605,-0.12070592492818832,0.6123616099357605,0.32452192902565,0.6754780411720276,0.32452192902565,0.6754780411720276,0.0,0.0,0.0,0.0,1,1,1,1
217,/data/wyb/pneumoniamnist_imagefolder_subset/val/1/00108.png,1,-0.11161670833826065,0.6073044538497925,-0.11161670833826065,0.6073044538497925,0.3276306092739105,0.6723694205284119,0.3276306092739105,0.6723694205284119,0.0,0.0,0.0,0.0,1,1,1,1
218,/data/wyb/pneumoniamnist_imagefolder_subset/val/1/00109.png,1,-0.12214595079421997,0.6160914301872253,-0.12214595079421997,0.6160914301872253,0.3233897387981415,0.6766103506088257,0.3233897387981415,0.6766103506088257,0.0,0.0,0.0,0.0,1,1,1,1
219,/data/wyb/pneumoniamnist_imagefolder_subset/val/1/00110.png,1,-0.11821276694536209,0.6149236559867859,-0.11821276694536209,0.6149236559867859,0.32450684905052185,0.6754931807518005,0.32450684905052185,0.6754931807518005,0.0,0.0,0.0,0.0,1,1,1,1
220,/data/wyb/pneumoniamnist_imagefolder_subset/val/1/00111.png,1,-0.1176673024892807,0.6132069826126099,-0.1176673024892807,0.6132069826126099,0.32500287890434265,0.674997091293335,0.32500287890434265,0.674997091293335,0.0,0.0,0.0,0.0,1,1,1,1
221,/data/wyb/pneumoniamnist_imagefolder_subset/val/1/00112.png,1,-0.11495716869831085,0.603559136390686,-0.11495716869831085,0.603559136390686,0.3277198076248169,0.6722802519798279,0.3277198076248169,0.6722802519798279,0.0,0.0,0.0,0.0,1,1,1,1
222,/data/wyb/pneumoniamnist_imagefolder_subset/val/1/00113.png,1,-0.144346684217453,0.6356150507926941,-0.144346684217453,0.6356150507926941,0.314328134059906,0.685671865940094,0.314328134059906,0.685671865940094,0.0,0.0,0.0,0.0,1,1,1,1
223,/data/wyb/pneumoniamnist_imagefolder_subset/val/1/00115.png,1,-0.036185406148433685,0.5431234240531921,-0.036185406148433685,0.5431234240531921,0.3590916395187378,0.6409083008766174,0.3590916395187378,0.6409083008766174,0.0,0.0,0.0,0.0,1,1,1,1
224,/data/wyb/pneumoniamnist_imagefolder_subset/val/1/00116.png,1,-0.09812953323125839,0.5982021689414978,-0.09812953323125839,0.5982021689414978,0.3326260447502136,0.6673739552497864,0.3326260447502136,0.6673739552497864,0.0,0.0,0.0,0.0,1,1,1,1
225,/data/wyb/pneumoniamnist_imagefolder_subset/val/1/00117.png,1,-0.10208986699581146,0.5987383127212524,-0.10208986699581146,0.5987383127212524,0.3316286504268646,0.6683713793754578,0.3316286504268646,0.6683713793754578,0.0,0.0,0.0,0.0,1,1,1,1
226,/data/wyb/pneumoniamnist_imagefolder_subset/val/1/00119.png,1,-0.1517477035522461,0.6419915556907654,-0.1517477035522461,0.6419915556907654,0.31136631965637207,0.6886336207389832,0.31136631965637207,0.6886336207389832,0.0,0.0,0.0,0.0,1,1,1,1
227,/data/wyb/pneumoniamnist_imagefolder_subset/val/1/00120.png,1,-0.022568117827177048,0.5253791809082031,-0.022568117827177048,0.5253791809082031,0.3663407862186432,0.6336591839790344,0.3663407862186432,0.6336591839790344,0.0,0.0,0.0,0.0,1,1,1,1
228,/data/wyb/pneumoniamnist_imagefolder_subset/val/1/00121.png,1,-0.1332177370786667,0.6281400918960571,-0.1332177370786667,0.6281400918960571,0.31835153698921204,0.6816484928131104,0.31835153698921204,0.6816484928131104,0.0,0.0,0.0,0.0,1,1,1,1
229,/data/wyb/pneumoniamnist_imagefolder_subset/val/1/00122.png,1,-0.1205386221408844,0.6099544167518616,-0.1205386221408844,0.6099544167518616,0.3250865340232849,0.6749134659767151,0.3250865340232849,0.6749134659767151,0.0,0.0,0.0,0.0,1,1,1,1
230,/data/wyb/pneumoniamnist_imagefolder_subset/val/1/00123.png,1,-0.15688015520572662,0.6467649340629578,-0.15688015520572662,0.6467649340629578,0.30924636125564575,0.690753698348999,0.30924636125564575,0.690753698348999,0.0,0.0,0.0,0.0,1,1,1,1
231,/data/wyb/pneumoniamnist_imagefolder_subset/val/1/00125.png,1,-0.12326343357563019,0.6145077347755432,-0.12326343357563019,0.6145077347755432,0.3234917223453522,0.6765083074569702,0.3234917223453522,0.6765083074569702,0.0,0.0,0.0,0.0,1,1,1,1
232,/data/wyb/pneumoniamnist_imagefolder_subset/val/1/00126.png,1,-0.1394198089838028,0.631227970123291,-0.1394198089838028,0.631227970123291,0.31633898615837097,0.6836609840393066,0.31633898615837097,0.6836609840393066,0.0,0.0,0.0,0.0,1,1,1,1
233,/data/wyb/pneumoniamnist_imagefolder_subset/val/1/00127.png,1,-0.1614893078804016,0.64723140001297,-0.1614893078804016,0.64723140001297,0.3081631660461426,0.6918368339538574,0.3081631660461426,0.6918368339538574,0.0,0.0,0.0,0.0,1,1,1,1
234,/data/wyb/pneumoniamnist_imagefolder_subset/val/1/00128.png,1,-0.13628950715065002,0.6294106841087341,-0.13628950715065002,0.6294106841087341,0.3174099624156952,0.6825900077819824,0.3174099624156952,0.6825900077819824,0.0,0.0,0.0,0.0,1,1,1,1
235,/data/wyb/pneumoniamnist_imagefolder_subset/val/1/00129.png,1,-0.15191245079040527,0.6399248242378235,-0.15191245079040527,0.6399248242378235,0.3117743134498596,0.6882256865501404,0.3117743134498596,0.6882256865501404,0.0,0.0,0.0,0.0,1,1,1,1
236,/data/wyb/pneumoniamnist_imagefolder_subset/val/1/00133.png,1,-0.14170154929161072,0.6293495297431946,-0.14170154929161072,0.6293495297431946,0.3162517845630646,0.683748185634613,0.3162517845630646,0.683748185634613,0.0,0.0,0.0,0.0,1,1,1,1
237,/data/wyb/pneumoniamnist_imagefolder_subset/val/1/00134.png,1,-0.0816861167550087,0.5802299380302429,-0.0816861167550087,0.5802299380302429,0.3403092920780182,0.6596906781196594,0.3403092920780182,0.6596906781196594,0.0,0.0,0.0,0.0,1,1,1,1
238,/data/wyb/pneumoniamnist_imagefolder_subset/val/1/00136.png,1,-0.09779098629951477,0.5960073471069336,-0.09779098629951477,0.5960073471069336,0.33318865299224854,0.6668113470077515,0.33318865299224854,0.6668113470077515,0.0,0.0,0.0,0.0,1,1,1,1
239,/data/wyb/pneumoniamnist_imagefolder_subset/val/1/00137.png,1,0.10281113535165787,0.40708136558532715,0.10281113535165787,0.40708136558532715,0.42451390624046326,0.5754860639572144,0.42451390624046326,0.5754860639572144,0.0,0.0,0.0,0.0,1,1,0,0
240,/data/wyb/pneumoniamnist_imagefolder_subset/val/1/00138.png,1,-0.043700508773326874,0.5502916574478149,-0.043700508773326874,0.5502916574478149,0.3557193875312805,0.6442806124687195,0.3557193875312805,0.6442806124687195,0.0,0.0,0.0,0.0,1,1,1,1
241,/data/wyb/pneumoniamnist_imagefolder_subset/val/1/00139.png,1,-0.15028071403503418,0.6398909687995911,-0.15028071403503418,0.6398909687995911,0.3121318221092224,0.6878682374954224,0.3121318221092224,0.6878682374954224,0.0,0.0,0.0,0.0,1,1,1,1
242,/data/wyb/pneumoniamnist_imagefolder_subset/val/1/00140.png,1,-0.1466577798128128,0.6393129229545593,-0.1466577798128128,0.6393129229545593,0.3130345046520233,0.6869655251502991,0.3130345046520233,0.6869655251502991,0.0,0.0,0.0,0.0,1,1,1,1
243,/data/wyb/pneumoniamnist_imagefolder_subset/val/1/00141.png,1,-0.15555721521377563,0.6430964469909668,-0.15555721521377563,0.6430964469909668,0.3103136122226715,0.6896864175796509,0.3103136122226715,0.6896864175796509,0.0,0.0,0.0,0.0,1,1,1,1
244,/data/wyb/pneumoniamnist_imagefolder_subset/val/1/00142.png,1,-0.07910227030515671,0.5788551568984985,-0.07910227030515671,0.5788551568984985,0.341198593378067,0.6588014364242554,0.341198593378067,0.6588014364242554,0.0,0.0,0.0,0.0,1,1,1,1
245,/data/wyb/pneumoniamnist_imagefolder_subset/val/1/00143.png,1,-0.027196064591407776,0.5288268327713013,-0.027196064591407776,0.5288268327713013,0.36446818709373474,0.6355317831039429,0.36446818709373474,0.6355317831039429,0.0,0.0,0.0,0.0,1,1,1,1
246,/data/wyb/pneumoniamnist_imagefolder_subset/val/1/00144.png,1,-0.11795475333929062,0.6124331951141357,-0.11795475333929062,0.6124331951141357,0.325109601020813,0.674890398979187,0.325109601020813,0.674890398979187,0.0,0.0,0.0,0.0,1,1,1,1
247,/data/wyb/pneumoniamnist_imagefolder_subset/val/1/00145.png,1,-0.14651256799697876,0.635421097278595,-0.14651256799697876,0.635421097278595,0.3139033019542694,0.686096727848053,0.3139033019542694,0.686096727848053,0.0,0.0,0.0,0.0,1,1,1,1
248,/data/wyb/pneumoniamnist_imagefolder_subset/val/1/00146.png,1,-0.15438933670520782,0.6453357934951782,-0.15438933670520782,0.6453357934951782,0.3100843131542206,0.689915657043457,0.3100843131542206,0.689915657043457,0.0,0.0,0.0,0.0,1,1,1,1
249,/data/wyb/pneumoniamnist_imagefolder_subset/val/1/00148.png,1,-0.12123404443264008,0.6162293553352356,-0.12123404443264008,0.6162293553352356,0.32355907559394836,0.6764408946037292,0.32355907559394836,0.6764408946037292,0.0,0.0,0.0,0.0,1,1,1,1
250,/data/wyb/pneumoniamnist_imagefolder_subset/val/1/00149.png,1,-0.11583280563354492,0.6133222579956055,-0.11583280563354492,0.6133222579956055,0.3253801465034485,0.6746197938919067,0.3253801465034485,0.6746197938919067,0.0,0.0,0.0,0.0,1,1,1,1
251,/data/wyb/pneumoniamnist_imagefolder_subset/val/1/00150.png,1,-0.10701429843902588,0.5953994989395142,-0.10701429843902588,0.5953994989395142,0.3312772810459137,0.6687227487564087,0.3312772810459137,0.6687227487564087,0.0,0.0,0.0,0.0,1,1,1,1
252,/data/wyb/pneumoniamnist_imagefolder_subset/val/1/00152.png,1,-0.1534956842660904,0.641693115234375,-0.1534956842660904,0.641693115234375,0.31105563044548035,0.6889443397521973,0.31105563044548035,0.6889443397521973,0.0,0.0,0.0,0.0,1,1,1,1
253,/data/wyb/pneumoniamnist_imagefolder_subset/val/1/00153.png,1,-0.15417994558811188,0.6439268589019775,-0.15417994558811188,0.6439268589019775,0.310430645942688,0.689569354057312,0.310430645942688,0.689569354057312,0.0,0.0,0.0,0.0,1,1,1,1
254,/data/wyb/pneumoniamnist_imagefolder_subset/val/1/00154.png,1,-0.10865779221057892,0.5988659262657166,-0.10865779221057892,0.5988659262657166,0.3301462233066559,0.6698537468910217,0.3301462233066559,0.6698537468910217,0.0,0.0,0.0,0.0,1,1,1,1
255,/data/wyb/pneumoniamnist_imagefolder_subset/val/1/00156.png,1,-0.10681776702404022,0.5994292497634888,-0.10681776702404022,0.5994292497634888,0.3304286301136017,0.6695713400840759,0.3304286301136017,0.6695713400840759,0.0,0.0,0.0,0.0,1,1,1,1
256,/data/wyb/pneumoniamnist_imagefolder_subset/val/1/00158.png,1,-0.16744683682918549,0.6508475542068481,-0.16744683682918549,0.6508475542068481,0.30612581968307495,0.6938741207122803,0.30612581968307495,0.6938741207122803,0.0,0.0,0.0,0.0,1,1,1,1
257,/data/wyb/pneumoniamnist_imagefolder_subset/val/1/00160.png,1,-0.05498214066028595,0.5585350394248962,-0.05498214066028595,0.5585350394248962,0.35125732421875,0.6487427353858948,0.35125732421875,0.6487427353858948,0.0,0.0,0.0,0.0,1,1,1,1
258,/data/wyb/pneumoniamnist_imagefolder_subset/val/1/00161.png,1,-0.14351637661457062,0.6338648200035095,-0.14351637661457062,0.6338648200035095,0.31488457322120667,0.685115396976471,0.31488457322120667,0.685115396976471,0.0,0.0,0.0,0.0,1,1,1,1
259,/data/wyb/pneumoniamnist_imagefolder_subset/val/1/00162.png,1,-0.15780174732208252,0.6449812650680542,-0.15780174732208252,0.6449812650680542,0.3094305396080017,0.6905695199966431,0.3094305396080017,0.6905695199966431,0.0,0.0,0.0,0.0,1,1,1,1
260,/data/wyb/pneumoniamnist_imagefolder_subset/val/1/00163.png,1,-0.07697877287864685,0.5739588141441345,-0.07697877287864685,0.5739588141441345,0.3427782654762268,0.6572216749191284,0.3427782654762268,0.6572216749191284,0.0,0.0,0.0,0.0,1,1,1,1
261,/data/wyb/pneumoniamnist_imagefolder_subset/val/1/00165.png,1,-0.13689124584197998,0.6301242709159851,-0.13689124584197998,0.6301242709159851,0.3171250820159912,0.6828749775886536,0.3171250820159912,0.6828749775886536,0.0,0.0,0.0,0.0,1,1,1,1
262,/data/wyb/pneumoniamnist_imagefolder_subset/val/1/00166.png,1,0.08942423015832901,0.4145525395870209,0.08942423015832901,0.4145525395870209,0.41942644119262695,0.580573558807373,0.41942644119262695,0.580573558807373,0.0,0.0,0.0,0.0,1,1,0,0
263,/data/wyb/pneumoniamnist_imagefolder_subset/val/1/00167.png,1,-0.13559184968471527,0.6292743682861328,-0.13559184968471527,0.6292743682861328,0.3175906836986542,0.6824093461036682,0.3175906836986542,0.6824093461036682,0.0,0.0,0.0,0.0,1,1,1,1
264,/data/wyb/pneumoniamnist_imagefolder_subset/val/1/00169.png,1,-0.15925560891628265,0.6488454937934875,-0.15925560891628265,0.6488454937934875,0.30829527974128723,0.6917046904563904,0.30829527974128723,0.6917046904563904,0.0,0.0,0.0,0.0,1,1,1,1
265,/data/wyb/pneumoniamnist_imagefolder_subset/val/1/00170.png,1,0.24789045751094818,0.26121604442596436,0.24789045751094818,0.26121604442596436,0.49666866660118103,0.5033313632011414,0.49666866660118103,0.5033313632011414,0.0,0.0,0.0,0.0,1,1,0,0
266,/data/wyb/pneumoniamnist_imagefolder_subset/val/1/00172.png,1,-0.11654455959796906,0.6127973794937134,-0.11654455959796906,0.6127973794937134,0.3253391683101654,0.674660861492157,0.3253391683101654,0.674660861492157,0.0,0.0,0.0,0.0,1,1,1,1
267,/data/wyb/pneumoniamnist_imagefolder_subset/val/1/00175.png,1,-0.13506673276424408,0.6276358366012573,-0.13506673276424408,0.6276358366012573,0.3180598020553589,0.6819401979446411,0.3180598020553589,0.6819401979446411,0.0,0.0,0.0,0.0,1,1,1,1
268,/data/wyb/pneumoniamnist_imagefolder_subset/val/1/00176.png,1,-0.012613130733370781,0.5091050863265991,-0.012613130733370781,0.5091050863265991,0.3724505603313446,0.6275494694709778,0.3724505603313446,0.6275494694709778,0.0,0.0,0.0,0.0,1,1,1,1
269,/data/wyb/pneumoniamnist_imagefolder_subset/val/1/00178.png,1,-0.06792183965444565,0.5673859119415283,-0.06792183965444565,0.5673859119415283,0.34630799293518066,0.6536919474601746,0.34630799293518066,0.6536919474601746,0.0,0.0,0.0,0.0,1,1,1,1
270,/data/wyb/pneumoniamnist_imagefolder_subset/val/1/00179.png,1,-0.15829892456531525,0.647139310836792,-0.15829892456531525,0.647139310836792,0.30886346101760864,0.6911365985870361,0.30886346101760864,0.6911365985870361,0.0,0.0,0.0,0.0,1,1,1,1
271,/data/wyb/pneumoniamnist_imagefolder_subset/val/1/00180.png,1,-0.1302293837070465,0.6199918389320374,-0.1302293837070465,0.6199918389320374,0.32077309489250183,0.6792269349098206,0.32077309489250183,0.6792269349098206,0.0,0.0,0.0,0.0,1,1,1,1
272,/data/wyb/pneumoniamnist_imagefolder_subset/val/1/00181.png,1,-0.15351279079914093,0.6456799507141113,-0.15351279079914093,0.6456799507141113,0.31019824743270874,0.689801812171936,0.31019824743270874,0.689801812171936,0.0,0.0,0.0,0.0,1,1,1,1
273,/data/wyb/pneumoniamnist_imagefolder_subset/val/1/00182.png,1,-0.0961306244134903,0.5862790942192078,-0.0961306244134903,0.5862790942192078,0.3357236981391907,0.6642763018608093,0.3357236981391907,0.6642763018608093,0.0,0.0,0.0,0.0,1,1,1,1
274,/data/wyb/pneumoniamnist_imagefolder_subset/val/1/00183.png,1,-0.15720036625862122,0.6443021893501282,-0.15720036625862122,0.6443021893501282,0.3097042143344879,0.6902958154678345,0.3097042143344879,0.6902958154678345,0.0,0.0,0.0,0.0,1,1,1,1
275,/data/wyb/pneumoniamnist_imagefolder_subset/val/1/00184.png,1,-0.12083452194929123,0.6132848858833313,-0.12083452194929123,0.6132848858833313,0.3242914080619812,0.6757085919380188,0.3242914080619812,0.6757085919380188,0.0,0.0,0.0,0.0,1,1,1,1
276,/data/wyb/pneumoniamnist_imagefolder_subset/val/1/00186.png,1,0.013250702060759068,0.48137930035591125,0.013250702060759068,0.48137930035591125,0.38505926728248596,0.6149407029151917,0.38505926728248596,0.6149407029151917,0.0,0.0,0.0,0.0,1,1,1,1
277,/data/wyb/pneumoniamnist_imagefolder_subset/val/1/00187.png,1,-0.13919995725154877,0.6293734312057495,-0.13919995725154877,0.6293734312057495,0.3167877793312073,0.6832122206687927,0.3167877793312073,0.6832122206687927,0.0,0.0,0.0,0.0,1,1,1,1
278,/data/wyb/pneumoniamnist_imagefolder_subset/val/1/00188.png,1,0.5030357241630554,-0.04911695048213005,0.5030357241630554,-0.04911695048213005,0.6346349120140076,0.3653651475906372,0.6346349120140076,0.3653651475906372,0.0,0.0,0.0,0.0,0,0,0,0
279,/data/wyb/pneumoniamnist_imagefolder_subset/val/1/00191.png,1,-0.14931921660900116,0.6381247639656067,-0.14931921660900116,0.6381247639656067,0.3127177357673645,0.6872822046279907,0.3127177357673645,0.6872822046279907,0.0,0.0,0.0,0.0,1,1,1,1
280,/data/wyb/pneumoniamnist_imagefolder_subset/val/1/00194.png,1,-0.15354782342910767,0.6442014575004578,-0.15354782342910767,0.6442014575004578,0.3105071783065796,0.6894928216934204,0.3105071783065796,0.6894928216934204,0.0,0.0,0.0,0.0,1,1,1,1
281,/data/wyb/pneumoniamnist_imagefolder_subset/val/1/00195.png,1,-0.1512041538953781,0.6400876641273499,-0.1512041538953781,0.6400876641273499,0.3118913471698761,0.6881086230278015,0.3118913471698761,0.6881086230278015,0.0,0.0,0.0,0.0,1,1,1,1
282,/data/wyb/pneumoniamnist_imagefolder_subset/val/1/00196.png,1,-0.14374664425849915,0.6351143717765808,-0.14374664425849915,0.6351143717765808,0.31456542015075684,0.6854346394538879,0.31456542015075684,0.6854346394538879,0.0,0.0,0.0,0.0,1,1,1,1
283,/data/wyb/pneumoniamnist_imagefolder_subset/val/1/00197.png,1,-0.14736104011535645,0.6342411041259766,-0.14736104011535645,0.6342411041259766,0.3139747083187103,0.6860253214836121,0.3139747083187103,0.6860253214836121,0.0,0.0,0.0,0.0,1,1,1,1
284,/data/wyb/pneumoniamnist_imagefolder_subset/val/1/00200.png,1,-0.04301924630999565,0.5523661375045776,-0.04301924630999565,0.5523661375045776,0.3554001450538635,0.6445997953414917,0.3554001450538635,0.6445997953414917,0.0,0.0,0.0,0.0,1,1,1,1
285,/data/wyb/pneumoniamnist_imagefolder_subset/val/1/00206.png,1,0.43842700123786926,0.02447645552456379,0.43842700123786926,0.02447645552456379,0.6020347476005554,0.3979652225971222,0.6020347476005554,0.3979652225971222,0.0,0.0,0.0,0.0,0,0,0,0
286,/data/wyb/pneumoniamnist_imagefolder_subset/val/1/00207.png,1,-0.11761143803596497,0.6092256903648376,-0.11761143803596497,0.6092256903648376,0.3258891701698303,0.6741108298301697,0.3258891701698303,0.6741108298301697,0.0,0.0,0.0,0.0,1,1,1,1
287,/data/wyb/pneumoniamnist_imagefolder_subset/val/1/00208.png,1,-0.16046179831027985,0.6489689946174622,-0.16046179831027985,0.6489689946174622,0.3080118000507355,0.6919881701469421,0.3080118000507355,0.6919881701469421,0.0,0.0,0.0,0.0,1,1,1,1
288,/data/wyb/pneumoniamnist_imagefolder_subset/val/1/00209.png,1,0.1871078461408615,0.31996336579322815,0.1871078461408615,0.31996336579322815,0.4668349325656891,0.5331651568412781,0.4668349325656891,0.5331651568412781,0.0,0.0,0.0,0.0,1,1,0,0
289,/data/wyb/pneumoniamnist_imagefolder_subset/val/1/00211.png,1,-0.1396220326423645,0.6306131482124329,-0.1396220326423645,0.6306131482124329,0.31642821431159973,0.6835717558860779,0.31642821431159973,0.6835717558860779,0.0,0.0,0.0,0.0,1,1,1,1
290,/data/wyb/pneumoniamnist_imagefolder_subset/val/1/00212.png,1,-0.14371611177921295,0.636695921421051,-0.14371611177921295,0.636695921421051,0.31423109769821167,0.6857689023017883,0.31423109769821167,0.6857689023017883,0.0,0.0,0.0,0.0,1,1,1,1
291,/data/wyb/pneumoniamnist_imagefolder_subset/val/1/00213.png,1,-0.14238949120044708,0.6327848434448242,-0.14238949120044708,0.6327848434448242,0.3153608739376068,0.6846391558647156,0.3153608739376068,0.6846391558647156,0.0,0.0,0.0,0.0,1,1,1,1
292,/data/wyb/pneumoniamnist_imagefolder_subset/val/1/00214.png,1,-0.12270987778902054,0.6179707646369934,-0.12270987778902054,0.6179707646369934,0.3228553533554077,0.6771447062492371,0.3228553533554077,0.6771447062492371,0.0,0.0,0.0,0.0,1,1,1,1
293,/data/wyb/pneumoniamnist_imagefolder_subset/val/1/00216.png,1,-7.602656842209399e-05,0.5095584988594055,-7.602656842209399e-05,0.5095584988594055,0.37527918815612793,0.6247208118438721,0.37527918815612793,0.6247208118438721,0.0,0.0,0.0,0.0,1,1,1,1
294,/data/wyb/pneumoniamnist_imagefolder_subset/val/1/00218.png,1,-0.09074551612138748,0.5915559530258179,-0.09074551612138748,0.5915559530258179,0.3357478380203247,0.6642521619796753,0.3357478380203247,0.6642521619796753,0.0,0.0,0.0,0.0,1,1,1,1
295,/data/wyb/pneumoniamnist_imagefolder_subset/val/1/00221.png,1,-0.11055846512317657,0.6075698137283325,-0.11055846512317657,0.6075698137283325,0.3278052806854248,0.6721947193145752,0.3278052806854248,0.6721947193145752,0.0,0.0,0.0,0.0,1,1,1,1
296,/data/wyb/pneumoniamnist_imagefolder_subset/val/1/00222.png,1,0.3926311135292053,0.08392760902643204,0.3926311135292053,0.08392760902643204,0.5765687823295593,0.42343124747276306,0.5765687823295593,0.42343124747276306,0.0,0.0,0.0,0.0,0,0,0,0
297,/data/wyb/pneumoniamnist_imagefolder_subset/val/1/00224.png,1,-0.0515001118183136,0.5561197400093079,-0.0515001118183136,0.5561197400093079,0.3526023328304291,0.6473976373672485,0.3526023328304291,0.6473976373672485,0.0,0.0,0.0,0.0,1,1,1,1
298,/data/wyb/pneumoniamnist_imagefolder_subset/val/1/00225.png,1,-0.1185975894331932,0.6148365139961243,-0.1185975894331932,0.6148365139961243,0.3244415819644928,0.6755583882331848,0.3244415819644928,0.6755583882331848,0.0,0.0,0.0,0.0,1,1,1,1
299,/data/wyb/pneumoniamnist_imagefolder_subset/val/1/00228.png,1,0.031584855169057846,0.4824223816394806,0.031584855169057846,0.4824223816394806,0.3891616761684418,0.6108383536338806,0.3891616761684418,0.6108383536338806,0.0,0.0,0.0,0.0,1,1,1,1
300,/data/wyb/pneumoniamnist_imagefolder_subset/val/1/00229.png,1,-0.12469413876533508,0.6183972358703613,-0.12469413876533508,0.6183972358703613,0.3223285377025604,0.677671492099762,0.3223285377025604,0.677671492099762,0.0,0.0,0.0,0.0,1,1,1,1
301,/data/wyb/pneumoniamnist_imagefolder_subset/val/1/00230.png,1,-0.12845183908939362,0.6221912503242493,-0.12845183908939362,0.6221912503242493,0.32068121433258057,0.6793188452720642,0.32068121433258057,0.6793188452720642,0.0,0.0,0.0,0.0,1,1,1,1
302,/data/wyb/pneumoniamnist_imagefolder_subset/val/1/00231.png,1,0.18601271510124207,0.32645514607429504,0.18601271510124207,0.32645514607429504,0.464946985244751,0.535053014755249,0.464946985244751,0.535053014755249,0.0,0.0,0.0,0.0,1,1,0,0
303,/data/wyb/pneumoniamnist_imagefolder_subset/val/1/00232.png,1,-0.150174081325531,0.6362001895904541,-0.150174081325531,0.6362001895904541,0.31294769048690796,0.6870522499084473,0.31294769048690796,0.6870522499084473,0.0,0.0,0.0,0.0,1,1,1,1
304,/data/wyb/pneumoniamnist_imagefolder_subset/val/1/00234.png,1,-0.1382836252450943,0.6312896013259888,-0.1382836252450943,0.6312896013259888,0.316571444272995,0.6834285855293274,0.316571444272995,0.6834285855293274,0.0,0.0,0.0,0.0,1,1,1,1
305,/data/wyb/pneumoniamnist_imagefolder_subset/val/1/00236.png,1,-0.009928434155881405,0.5190167427062988,-0.009928434155881405,0.5190167427062988,0.3707629442214966,0.6292370557785034,0.3707629442214966,0.6292370557785034,0.0,0.0,0.0,0.0,1,1,1,1
306,/data/wyb/pneumoniamnist_imagefolder_subset/val/1/00238.png,1,-0.1646735817193985,0.64816814661026,-0.1646735817193985,0.64816814661026,0.30728527903556824,0.6927147507667542,0.30728527903556824,0.6927147507667542,0.0,0.0,0.0,0.0,1,1,1,1
307,/data/wyb/pneumoniamnist_imagefolder_subset/val/1/00239.png,1,-0.1321723908185959,0.6225435137748718,-0.1321723908185959,0.6225435137748718,0.31979459524154663,0.6802054047584534,0.31979459524154663,0.6802054047584534,0.0,0.0,0.0,0.0,1,1,1,1
308,/data/wyb/pneumoniamnist_imagefolder_subset/val/1/00240.png,1,-0.15164349973201752,0.6369755864143372,-0.15164349973201752,0.6369755864143372,0.31246525049209595,0.687534749507904,0.31246525049209595,0.687534749507904,0.0,0.0,0.0,0.0,1,1,1,1
309,/data/wyb/pneumoniamnist_imagefolder_subset/val/1/00241.png,1,-0.14152513444423676,0.6344199776649475,-0.14152513444423676,0.6344199776649475,0.3151944577693939,0.6848055720329285,0.3151944577693939,0.6848055720329285,0.0,0.0,0.0,0.0,1,1,1,1
310,/data/wyb/pneumoniamnist_imagefolder_subset/val/1/00242.png,1,-0.14149242639541626,0.6311836242675781,-0.14149242639541626,0.6311836242675781,0.3159005045890808,0.6840994954109192,0.3159005045890808,0.6840994954109192,0.0,0.0,0.0,0.0,1,1,1,1
311,/data/wyb/pneumoniamnist_imagefolder_subset/val/1/00243.png,1,-0.08576960861682892,0.5817491412162781,-0.08576960861682892,0.5817491412162781,0.339052677154541,0.660947322845459,0.339052677154541,0.660947322845459,0.0,0.0,0.0,0.0,1,1,1,1
312,/data/wyb/pneumoniamnist_imagefolder_subset/val/1/00244.png,1,-0.12700146436691284,0.6206123232841492,-0.12700146436691284,0.6206123232841492,0.32134148478507996,0.6786585450172424,0.32134148478507996,0.6786585450172424,0.0,0.0,0.0,0.0,1,1,1,1
313,/data/wyb/pneumoniamnist_imagefolder_subset/val/1/00245.png,1,-0.11874578148126602,0.6153722405433655,-0.11874578148126602,0.6153722405433655,0.3242917060852051,0.6757082939147949,0.3242917060852051,0.6757082939147949,0.0,0.0,0.0,0.0,1,1,1,1
314,/data/wyb/pneumoniamnist_imagefolder_subset/val/1/00246.png,1,-0.13174615800380707,0.6243788003921509,-0.13174615800380707,0.6243788003921509,0.31948816776275635,0.6805118322372437,0.31948816776275635,0.6805118322372437,0.0,0.0,0.0,0.0,1,1,1,1
315,/data/wyb/pneumoniamnist_imagefolder_subset/val/1/00247.png,1,-0.15779279172420502,0.6463755369186401,-0.15779279172420502,0.6463755369186401,0.3091345727443695,0.6908653974533081,0.3091345727443695,0.6908653974533081,0.0,0.0,0.0,0.0,1,1,1,1
316,/data/wyb/pneumoniamnist_imagefolder_subset/val/1/00249.png,1,-0.16699829697608948,0.6521932482719421,-0.16699829697608948,0.6521932482719421,0.3059352934360504,0.694064736366272,0.3059352934360504,0.694064736366272,0.0,0.0,0.0,0.0,1,1,1,1
317,/data/wyb/pneumoniamnist_imagefolder_subset/val/1/00250.png,1,-0.15974800288677216,0.6454964876174927,-0.15974800288677216,0.6454964876174927,0.3089047968387604,0.691095232963562,0.3089047968387604,0.691095232963562,0.0,0.0,0.0,0.0,1,1,1,1
318,/data/wyb/pneumoniamnist_imagefolder_subset/val/1/00253.png,1,0.035873714834451675,0.4685560464859009,0.035873714834451675,0.4685560464859009,0.39348599314689636,0.606514036655426,0.39348599314689636,0.606514036655426,0.0,0.0,0.0,0.0,1,1,1,1
319,/data/wyb/pneumoniamnist_imagefolder_subset/val/1/00255.png,1,-0.08346404880285263,0.5855777859687805,-0.08346404880285263,0.5855777859687805,0.3387114107608795,0.6612885594367981,0.3387114107608795,0.6612885594367981,0.0,0.0,0.0,0.0,1,1,1,1
320,/data/wyb/pneumoniamnist_imagefolder_subset/val/1/00256.png,1,-0.12597787380218506,0.6214767098426819,-0.12597787380218506,0.6214767098426819,0.32137617468833923,0.6786237955093384,0.32137617468833923,0.6786237955093384,0.0,0.0,0.0,0.0,1,1,1,1
321,/data/wyb/pneumoniamnist_imagefolder_subset/val/1/00257.png,1,-0.13457655906677246,0.6257219314575195,-0.13457655906677246,0.6257219314575195,0.3185814619064331,0.6814185380935669,0.3185814619064331,0.6814185380935669,0.0,0.0,0.0,0.0,1,1,1,1
322,/data/wyb/pneumoniamnist_imagefolder_subset/val/1/00258.png,1,-0.15697254240512848,0.6445770263671875,-0.15697254240512848,0.6445770263671875,0.30969417095184326,0.6903058886528015,0.30969417095184326,0.6903058886528015,0.0,0.0,0.0,0.0,1,1,1,1
323,/data/wyb/pneumoniamnist_imagefolder_subset/val/1/00260.png,1,-0.131491020321846,0.625795841217041,-0.131491020321846,0.625795841217041,0.319235622882843,0.680764377117157,0.319235622882843,0.680764377117157,0.0,0.0,0.0,0.0,1,1,1,1
324,/data/wyb/pneumoniamnist_imagefolder_subset/val/1/00261.png,1,-0.10550642758607864,0.6037969589233398,-0.10550642758607864,0.6037969589233398,0.3297528028488159,0.6702472567558289,0.3297528028488159,0.6702472567558289,0.0,0.0,0.0,0.0,1,1,1,1
325,/data/wyb/pneumoniamnist_imagefolder_subset/val/1/00262.png,1,-0.1495291143655777,0.6408708691596985,-0.1495291143655777,0.6408708691596985,0.31208279728889465,0.687917172908783,0.31208279728889465,0.687917172908783,0.0,0.0,0.0,0.0,1,1,1,1
326,/data/wyb/pneumoniamnist_imagefolder_subset/val/1/00263.png,1,-0.16320791840553284,0.6458913087844849,-0.16320791840553284,0.6458913087844849,0.3080824911594391,0.6919175386428833,0.3080824911594391,0.6919175386428833,0.0,0.0,0.0,0.0,1,1,1,1
327,/data/wyb/pneumoniamnist_imagefolder_subset/val/1/00264.png,1,-0.1503542959690094,0.6404324173927307,-0.1503542959690094,0.6404324173927307,0.31199976801872253,0.6880002617835999,0.31199976801872253,0.6880002617835999,0.0,0.0,0.0,0.0,1,1,1,1
328,/data/wyb/pneumoniamnist_imagefolder_subset/val/1/00265.png,1,-0.11266084015369415,0.605659008026123,-0.11266084015369415,0.605659008026123,0.32776308059692383,0.6722369194030762,0.32776308059692383,0.6722369194030762,0.0,0.0,0.0,0.0,1,1,1,1
329,/data/wyb/pneumoniamnist_imagefolder_subset/val/1/00266.png,1,-0.07127979397773743,0.5735914707183838,-0.07127979397773743,0.5735914707183838,0.3441462218761444,0.655853807926178,0.3441462218761444,0.655853807926178,0.0,0.0,0.0,0.0,1,1,1,1
330,/data/wyb/pneumoniamnist_imagefolder_subset/val/1/00267.png,1,-0.14611148834228516,0.6344351768493652,-0.14611148834228516,0.6344351768493652,0.31420207023620605,0.685797929763794,0.31420207023620605,0.685797929763794,0.0,0.0,0.0,0.0,1,1,1,1
331,/data/wyb/pneumoniamnist_imagefolder_subset/val/1/00268.png,1,-0.1569892168045044,0.6455976963043213,-0.1569892168045044,0.6455976963043213,0.3094724416732788,0.690527617931366,0.3094724416732788,0.690527617931366,0.0,0.0,0.0,0.0,1,1,1,1
332,/data/wyb/pneumoniamnist_imagefolder_subset/val/1/00269.png,1,-0.14574182033538818,0.6355733275413513,-0.14574182033538818,0.6355733275413513,0.3140365183353424,0.68596351146698,0.3140365183353424,0.68596351146698,0.0,0.0,0.0,0.0,1,1,1,1
333,/data/wyb/pneumoniamnist_imagefolder_subset/val/1/00270.png,1,-0.14955471456050873,0.6350124478340149,-0.14955471456050873,0.6350124478340149,0.31333640217781067,0.6866636276245117,0.31333640217781067,0.6866636276245117,0.0,0.0,0.0,0.0,1,1,1,1
334,/data/wyb/pneumoniamnist_imagefolder_subset/val/1/00271.png,1,-0.09797098487615585,0.5935779809951782,-0.09797098487615585,0.5935779809951782,0.3336885869503021,0.6663113832473755,0.3336885869503021,0.6663113832473755,0.0,0.0,0.0,0.0,1,1,1,1
335,/data/wyb/pneumoniamnist_imagefolder_subset/val/1/00272.png,1,-0.15237317979335785,0.640408456325531,-0.15237317979335785,0.640408456325531,0.31157171726226807,0.6884282827377319,0.31157171726226807,0.6884282827377319,0.0,0.0,0.0,0.0,1,1,1,1
336,/data/wyb/pneumoniamnist_imagefolder_subset/val/1/00273.png,1,-0.14188189804553986,0.6308606863021851,-0.14188189804553986,0.6308606863021851,0.31588613986968994,0.6841138601303101,0.31588613986968994,0.6841138601303101,0.0,0.0,0.0,0.0,1,1,1,1
337,/data/wyb/pneumoniamnist_imagefolder_subset/val/1/00274.png,1,0.36776089668273926,0.11236512660980225,0.36776089668273926,0.11236512660980225,0.563504159450531,0.4364958703517914,0.563504159450531,0.4364958703517914,0.0,0.0,0.0,0.0,0,0,0,0
338,/data/wyb/pneumoniamnist_imagefolder_subset/val/1/00275.png,1,-0.10428421944379807,0.6022887229919434,-0.10428421944379807,0.6022887229919434,0.33035656809806824,0.6696435213088989,0.33035656809806824,0.6696435213088989,0.0,0.0,0.0,0.0,1,1,1,1
339,/data/wyb/pneumoniamnist_imagefolder_subset/val/1/00276.png,1,-0.15128183364868164,0.6380614042282104,-0.15128183364868164,0.6380614042282104,0.31230971217155457,0.6876903176307678,0.31230971217155457,0.6876903176307678,0.0,0.0,0.0,0.0,1,1,1,1
340,/data/wyb/pneumoniamnist_imagefolder_subset/val/1/00277.png,1,-0.1019081398844719,0.5983759760856628,-0.1019081398844719,0.5983759760856628,0.33174923062324524,0.6682507395744324,0.33174923062324524,0.6682507395744324,0.0,0.0,0.0,0.0,1,1,1,1
341,/data/wyb/pneumoniamnist_imagefolder_subset/val/1/00278.png,1,-0.13008113205432892,0.6236487627029419,-0.13008113205432892,0.6236487627029419,0.32000914216041565,0.6799908876419067,0.32000914216041565,0.6799908876419067,0.0,0.0,0.0,0.0,1,1,1,1
342,/data/wyb/pneumoniamnist_imagefolder_subset/val/1/00279.png,1,-0.15702472627162933,0.6467642784118652,-0.15702472627162933,0.6467642784118652,0.30921557545661926,0.6907843947410583,0.30921557545661926,0.6907843947410583,0.0,0.0,0.0,0.0,1,1,1,1
343,/data/wyb/pneumoniamnist_imagefolder_subset/val/1/00280.png,1,-0.17708496749401093,0.6597721576690674,-0.17708496749401093,0.6597721576690674,0.302197128534317,0.6978029012680054,0.302197128534317,0.6978029012680054,0.0,0.0,0.0,0.0,1,1,1,1
344,/data/wyb/pneumoniamnist_imagefolder_subset/val/1/00282.png,1,-0.12203909456729889,0.6177864670753479,-0.12203909456729889,0.6177864670753479,0.3230423033237457,0.6769577264785767,0.3230423033237457,0.6769577264785767,0.0,0.0,0.0,0.0,1,1,1,1
345,/data/wyb/pneumoniamnist_imagefolder_subset/val/1/00283.png,1,-0.09265317767858505,0.5856817364692688,-0.09265317767858505,0.5856817364692688,0.33663299679756165,0.6633669137954712,0.33663299679756165,0.6633669137954712,0.0,0.0,0.0,0.0,1,1,1,1
346,/data/wyb/pneumoniamnist_imagefolder_subset/val/1/00285.png,1,-0.14406433701515198,0.635532796382904,-0.14406433701515198,0.635532796382904,0.31440669298171997,0.6855932474136353,0.31440669298171997,0.6855932474136353,0.0,0.0,0.0,0.0,1,1,1,1
347,/data/wyb/pneumoniamnist_imagefolder_subset/val/1/00286.png,1,-0.14821623265743256,0.6415786743164062,-0.14821623265743256,0.6415786743164062,0.3122127056121826,0.6877872943878174,0.3122127056121826,0.6877872943878174,0.0,0.0,0.0,0.0,1,1,1,1
348,/data/wyb/pneumoniamnist_imagefolder_subset/val/1/00289.png,1,-0.12338531762361526,0.6156854033470154,-0.12338531762361526,0.6156854033470154,0.32320740818977356,0.6767926216125488,0.32320740818977356,0.6767926216125488,0.0,0.0,0.0,0.0,1,1,1,1
349,/data/wyb/pneumoniamnist_imagefolder_subset/val/1/00290.png,1,-0.12475642561912537,0.6188576817512512,-0.12475642561912537,0.6188576817512512,0.3222143352031708,0.6777856349945068,0.3222143352031708,0.6777856349945068,0.0,0.0,0.0,0.0,1,1,1,1
350,/data/wyb/pneumoniamnist_imagefolder_subset/val/1/00291.png,1,-0.15638934075832367,0.639687716960907,-0.15638934075832367,0.639687716960907,0.31086528301239014,0.6891347169876099,0.31086528301239014,0.6891347169876099,0.0,0.0,0.0,0.0,1,1,1,1
351,/data/wyb/pneumoniamnist_imagefolder_subset/val/1/00292.png,1,-0.09254558384418488,0.5916913747787476,-0.09254558384418488,0.5916913747787476,0.3353163003921509,0.6646836996078491,0.3353163003921509,0.6646836996078491,0.0,0.0,0.0,0.0,1,1,1,1
352,/data/wyb/pneumoniamnist_imagefolder_subset/val/1/00294.png,1,-0.1529841423034668,0.6403775811195374,-0.1529841423034668,0.6403775811195374,0.31144729256629944,0.6885526776313782,0.31144729256629944,0.6885526776313782,0.0,0.0,0.0,0.0,1,1,1,1
353,/data/wyb/pneumoniamnist_imagefolder_subset/val/1/00297.png,1,-0.15296728909015656,0.6409551501274109,-0.15296728909015656,0.6409551501274109,0.31132709980010986,0.6886729598045349,0.31132709980010986,0.6886729598045349,0.0,0.0,0.0,0.0,1,1,1,1
354,/data/wyb/pneumoniamnist_imagefolder_subset/val/1/00300.png,1,-0.1599898487329483,0.6459042429924011,-0.1599898487329483,0.6459042429924011,0.3087661564350128,0.6912338733673096,0.3087661564350128,0.6912338733673096,0.0,0.0,0.0,0.0,1,1,1,1
355,/data/wyb/pneumoniamnist_imagefolder_subset/val/1/00301.png,1,-0.15987518429756165,0.6486309170722961,-0.15987518429756165,0.6486309170722961,0.3082089126110077,0.6917910575866699,0.3082089126110077,0.6917910575866699,0.0,0.0,0.0,0.0,1,1,1,1
356,/data/wyb/pneumoniamnist_imagefolder_subset/val/1/00302.png,1,-0.1582338809967041,0.6460358500480652,-0.1582338809967041,0.6460358500480652,0.30911293625831604,0.6908870935440063,0.30911293625831604,0.6908870935440063,0.0,0.0,0.0,0.0,1,1,1,1
357,/data/wyb/pneumoniamnist_imagefolder_subset/val/1/00303.png,1,-0.12652894854545593,0.621132493019104,-0.12652894854545593,0.621132493019104,0.32133105397224426,0.6786689162254333,0.32133105397224426,0.6786689162254333,0.0,0.0,0.0,0.0,1,1,1,1
358,/data/wyb/pneumoniamnist_imagefolder_subset/val/1/00304.png,1,-0.07104364782571793,0.5689131617546082,-0.07104364782571793,0.5689131617546082,0.34525632858276367,0.6547437310218811,0.34525632858276367,0.6547437310218811,0.0,0.0,0.0,0.0,1,1,1,1
359,/data/wyb/pneumoniamnist_imagefolder_subset/val/1/00305.png,1,0.3427375853061676,0.14926886558532715,0.3427375853061676,0.14926886558532715,0.5482168793678284,0.45178312063217163,0.5482168793678284,0.45178312063217163,0.0,0.0,0.0,0.0,0,0,0,0
360,/data/wyb/pneumoniamnist_imagefolder_subset/val/1/00306.png,1,-0.14681892096996307,0.6380085945129395,-0.14681892096996307,0.6380085945129395,0.3132803738117218,0.6867196559906006,0.3132803738117218,0.6867196559906006,0.0,0.0,0.0,0.0,1,1,1,1
361,/data/wyb/pneumoniamnist_imagefolder_subset/val/1/00307.png,1,-0.06525473296642303,0.5674701929092407,-0.06525473296642303,0.5674701929092407,0.34689292311668396,0.6531071066856384,0.34689292311668396,0.6531071066856384,0.0,0.0,0.0,0.0,1,1,1,1
362,/data/wyb/pneumoniamnist_imagefolder_subset/val/1/00308.png,1,-0.15217486023902893,0.6402562856674194,-0.15217486023902893,0.6402562856674194,0.31164687871932983,0.6883530616760254,0.31164687871932983,0.6883530616760254,0.0,0.0,0.0,0.0,1,1,1,1
363,/data/wyb/pneumoniamnist_imagefolder_subset/val/1/00309.png,1,-0.15827630460262299,0.6461029052734375,-0.15827630460262299,0.6461029052734375,0.3090895414352417,0.6909104585647583,0.3090895414352417,0.6909104585647583,0.0,0.0,0.0,0.0,1,1,1,1
364,/data/wyb/pneumoniamnist_imagefolder_subset/val/1/00310.png,1,-0.173163503408432,0.6524671316146851,-0.173163503408432,0.6524671316146851,0.3045697510242462,0.6954302787780762,0.3045697510242462,0.6954302787780762,0.0,0.0,0.0,0.0,1,1,1,1
365,/data/wyb/pneumoniamnist_imagefolder_subset/val/1/00313.png,1,-0.1125984713435173,0.6080825924873352,-0.1125984713435173,0.6080825924873352,0.32724303007125854,0.6727569699287415,0.32724303007125854,0.6727569699287415,0.0,0.0,0.0,0.0,1,1,1,1
366,/data/wyb/pneumoniamnist_imagefolder_subset/val/1/00314.png,1,-0.16163431107997894,0.647899329662323,-0.16163431107997894,0.647899329662323,0.3079898953437805,0.6920101642608643,0.3079898953437805,0.6920101642608643,0.0,0.0,0.0,0.0,1,1,1,1
367,/data/wyb/pneumoniamnist_imagefolder_subset/val/1/00315.png,1,0.5017436146736145,-0.04816793277859688,0.5017436146736145,-0.04816793277859688,0.6341150403022766,0.365884929895401,0.6341150403022766,0.365884929895401,0.0,0.0,0.0,0.0,0,0,0,0
368,/data/wyb/pneumoniamnist_imagefolder_subset/val/1/00316.png,1,0.0867229774594307,0.42455413937568665,0.0867229774594307,0.42455413937568665,0.41633641719818115,0.5836635828018188,0.41633641719818115,0.5836635828018188,0.0,0.0,0.0,0.0,1,1,0,0
369,/data/wyb/pneumoniamnist_imagefolder_subset/val/1/00317.png,1,-0.13140051066875458,0.6262656450271606,-0.13140051066875458,0.6262656450271606,0.31915315985679626,0.6808468103408813,0.31915315985679626,0.6808468103408813,0.0,0.0,0.0,0.0,1,1,1,1
370,/data/wyb/pneumoniamnist_imagefolder_subset/val/1/00318.png,1,0.02856270596385002,0.48022446036338806,0.02856270596385002,0.48022446036338806,0.3889656960964203,0.6110342144966125,0.3889656960964203,0.6110342144966125,0.0,0.0,0.0,0.0,1,1,1,1
371,/data/wyb/pneumoniamnist_imagefolder_subset/val/1/00319.png,1,0.4518979787826538,0.015351910144090652,0.4518979787826538,0.015351910144090652,0.6074357032775879,0.3925642669200897,0.6074357032775879,0.3925642669200897,0.0,0.0,0.0,0.0,0,0,0,0
372,/data/wyb/pneumoniamnist_imagefolder_subset/val/1/00320.png,1,-0.1424320638179779,0.6354198455810547,-0.1424320638179779,0.6354198455810547,0.3147830069065094,0.6852169632911682,0.3147830069065094,0.6852169632911682,0.0,0.0,0.0,0.0,1,1,1,1
373,/data/wyb/pneumoniamnist_imagefolder_subset/val/1/00321.png,1,-0.15663106739521027,0.6447582244873047,-0.15663106739521027,0.6447582244873047,0.3097284138202667,0.6902715563774109,0.3097284138202667,0.6902715563774109,0.0,0.0,0.0,0.0,1,1,1,1
374,/data/wyb/pneumoniamnist_imagefolder_subset/val/1/00322.png,1,-0.09942195564508438,0.5955511331558228,-0.09942195564508438,0.5955511331558228,0.33292773365974426,0.6670723557472229,0.33292773365974426,0.6670723557472229,0.0,0.0,0.0,0.0,1,1,1,1
375,/data/wyb/pneumoniamnist_imagefolder_subset/val/1/00323.png,1,-0.19148564338684082,0.6707238554954529,-0.19148564338684082,0.6707238554954529,0.2968779504299164,0.703122079372406,0.2968779504299164,0.703122079372406,0.0,0.0,0.0,0.0,1,1,1,1
376,/data/wyb/pneumoniamnist_imagefolder_subset/val/1/00324.png,1,-0.14511121809482574,0.6359475255012512,-0.14511121809482574,0.6359475255012512,0.3140917420387268,0.6859082579612732,0.3140917420387268,0.6859082579612732,0.0,0.0,0.0,0.0,1,1,1,1
377,/data/wyb/pneumoniamnist_imagefolder_subset/val/1/00325.png,1,-0.009327633306384087,0.5113381147384644,-0.009327633306384087,0.5113381147384644,0.37269657850265503,0.6273034811019897,0.37269657850265503,0.6273034811019897,0.0,0.0,0.0,0.0,1,1,1,1
378,/data/wyb/pneumoniamnist_imagefolder_subset/val/1/00327.png,1,-0.050762828439474106,0.5444220304489136,-0.050762828439474106,0.5444220304489136,0.35544610023498535,0.6445538997650146,0.35544610023498535,0.6445538997650146,0.0,0.0,0.0,0.0,1,1,1,1
379,/data/wyb/pneumoniamnist_imagefolder_subset/val/1/00328.png,1,-0.19793032109737396,0.6758484840393066,-0.19793032109737396,0.6758484840393066,0.29446861147880554,0.7055313587188721,0.29446861147880554,0.7055313587188721,0.0,0.0,0.0,0.0,1,1,1,1
380,/data/wyb/pneumoniamnist_imagefolder_subset/val/1/00330.png,1,-0.1502450555562973,0.6410646438598633,-0.1502450555562973,0.6410646438598633,0.3118875026702881,0.6881124973297119,0.3118875026702881,0.6881124973297119,0.0,0.0,0.0,0.0,1,1,1,1
381,/data/wyb/pneumoniamnist_imagefolder_subset/val/1/00331.png,1,-0.15619206428527832,0.6451373100280762,-0.15619206428527832,0.6451373100280762,0.3097412586212158,0.690258800983429,0.3097412586212158,0.690258800983429,0.0,0.0,0.0,0.0,1,1,1,1
382,/data/wyb/pneumoniamnist_imagefolder_subset/val/1/00332.png,1,0.32363736629486084,0.16758134961128235,0.32363736629486084,0.16758134961128235,0.5389350652694702,0.46106502413749695,0.5389350652694702,0.46106502413749695,0.0,0.0,0.0,0.0,0,0,0,0
383,/data/wyb/pneumoniamnist_imagefolder_subset/val/1/00333.png,1,0.008410952985286713,0.48991140723228455,0.008410952985286713,0.48991140723228455,0.381897896528244,0.6181021332740784,0.381897896528244,0.6181021332740784,0.0,0.0,0.0,0.0,1,1,1,1
384,/data/wyb/pneumoniamnist_imagefolder_subset/val/1/00337.png,1,-0.14257483184337616,0.6331465244293213,-0.14257483184337616,0.6331465244293213,0.3152427673339844,0.6847572922706604,0.3152427673339844,0.6847572922706604,0.0,0.0,0.0,0.0,1,1,1,1
385,/data/wyb/pneumoniamnist_imagefolder_subset/val/1/00338.png,1,-0.12634947896003723,0.6227605938911438,-0.12634947896003723,0.6227605938911438,0.32101523876190186,0.6789847612380981,0.32101523876190186,0.6789847612380981,0.0,0.0,0.0,0.0,1,1,1,1
386,/data/wyb/pneumoniamnist_imagefolder_subset/val/1/00339.png,1,-0.15290279686450958,0.6416863203048706,-0.15290279686450958,0.6416863203048706,0.3111841380596161,0.6888158321380615,0.3111841380596161,0.6888158321380615,0.0,0.0,0.0,0.0,1,1,1,1
387,/data/wyb/pneumoniamnist_imagefolder_subset/val/1/00341.png,1,-0.15897169709205627,0.6485855579376221,-0.15897169709205627,0.6485855579376221,0.30841127038002014,0.6915886998176575,0.30841127038002014,0.6915886998176575,0.0,0.0,0.0,0.0,1,1,1,1
388,/data/wyb/pneumoniamnist_imagefolder_subset/val/1/00342.png,1,-0.05590486899018288,0.5629429817199707,-0.05590486899018288,0.5629429817199707,0.35004350543022156,0.649956464767456,0.35004350543022156,0.649956464767456,0.0,0.0,0.0,0.0,1,1,1,1
389,/data/wyb/pneumoniamnist_imagefolder_subset/val/1/00343.png,1,-0.15670475363731384,0.6446648836135864,-0.15670475363731384,0.6446648836135864,0.3097326159477234,0.6902673840522766,0.3097326159477234,0.6902673840522766,0.0,0.0,0.0,0.0,1,1,1,1
390,/data/wyb/pneumoniamnist_imagefolder_subset/val/1/00344.png,1,-0.08700770139694214,0.58768630027771,-0.08700770139694214,0.58768630027771,0.3374466001987457,0.6625534296035767,0.3374466001987457,0.6625534296035767,0.0,0.0,0.0,0.0,1,1,1,1
391,/data/wyb/pneumoniamnist_imagefolder_subset/val/1/00345.png,1,-0.15023890137672424,0.6335431933403015,-0.15023890137672424,0.6335431933403015,0.3135053217411041,0.6864947080612183,0.3135053217411041,0.6864947080612183,0.0,0.0,0.0,0.0,1,1,1,1
392,/data/wyb/pneumoniamnist_imagefolder_subset/val/1/00346.png,1,-0.10125358402729034,0.5985993146896362,-0.10125358402729034,0.5985993146896362,0.33184486627578735,0.6681551933288574,0.33184486627578735,0.6681551933288574,0.0,0.0,0.0,0.0,1,1,1,1
393,/data/wyb/pneumoniamnist_imagefolder_subset/val/1/00347.png,1,-0.14981937408447266,0.6409513354301453,-0.14981937408447266,0.6409513354301453,0.3120032250881195,0.6879968047142029,0.3120032250881195,0.6879968047142029,0.0,0.0,0.0,0.0,1,1,1,1
394,/data/wyb/pneumoniamnist_imagefolder_subset/val/1/00348.png,1,-0.14299628138542175,0.6315309405326843,-0.14299628138542175,0.6315309405326843,0.3155005872249603,0.6844993829727173,0.3155005872249603,0.6844993829727173,0.0,0.0,0.0,0.0,1,1,1,1
395,/data/wyb/pneumoniamnist_imagefolder_subset/val/1/00350.png,1,-0.11881028115749359,0.6154387593269348,-0.11881028115749359,0.6154387593269348,0.3242630064487457,0.6757370233535767,0.3242630064487457,0.6757370233535767,0.0,0.0,0.0,0.0,1,1,1,1
396,/data/wyb/pneumoniamnist_imagefolder_subset/val/1/00351.png,1,-0.14912118017673492,0.640408992767334,-0.14912118017673492,0.640408992767334,0.31226956844329834,0.6877304315567017,0.31226956844329834,0.6877304315567017,0.0,0.0,0.0,0.0,1,1,1,1
397,/data/wyb/pneumoniamnist_imagefolder_subset/val/1/00352.png,1,-0.15868031978607178,0.6473934650421143,-0.15868031978607178,0.6473934650421143,0.30872780084609985,0.6912722587585449,0.30872780084609985,0.6912722587585449,0.0,0.0,0.0,0.0,1,1,1,1
398,/data/wyb/pneumoniamnist_imagefolder_subset/val/1/00355.png,1,-0.1568680703639984,0.6454614400863647,-0.1568680703639984,0.6454614400863647,0.3095274567604065,0.6904726028442383,0.3095274567604065,0.6904726028442383,0.0,0.0,0.0,0.0,1,1,1,1
399,/data/wyb/pneumoniamnist_imagefolder_subset/val/1/00356.png,1,-0.11130708456039429,0.6067629456520081,-0.11130708456039429,0.6067629456520081,0.3278181254863739,0.6721819043159485,0.3278181254863739,0.6721819043159485,0.0,0.0,0.0,0.0,1,1,1,1
400,/data/wyb/pneumoniamnist_imagefolder_subset/val/1/00357.png,1,-0.11011689901351929,0.6013872623443604,-0.11011689901351929,0.6013872623443604,0.3292665481567383,0.6707333922386169,0.3292665481567383,0.6707333922386169,0.0,0.0,0.0,0.0,1,1,1,1
401,/data/wyb/pneumoniamnist_imagefolder_subset/val/1/00359.png,1,-0.11880366504192352,0.6151388883590698,-0.11880366504192352,0.6151388883590698,0.3243301510810852,0.6756698489189148,0.3243301510810852,0.6756698489189148,0.0,0.0,0.0,0.0,1,1,1,1
402,/data/wyb/pneumoniamnist_imagefolder_subset/val/1/00361.png,1,-0.024274885654449463,0.5313103795051575,-0.024274885654449463,0.5313103795051575,0.3645695149898529,0.6354303956031799,0.3645695149898529,0.6354303956031799,0.0,0.0,0.0,0.0,1,1,1,1
403,/data/wyb/pneumoniamnist_imagefolder_subset/val/1/00362.png,1,-0.12208355218172073,0.6160762310028076,-0.12208355218172073,0.6160762310028076,0.3234066665172577,0.6765933036804199,0.3234066665172577,0.6765933036804199,0.0,0.0,0.0,0.0,1,1,1,1
404,/data/wyb/pneumoniamnist_imagefolder_subset/val/1/00363.png,1,-0.14281608164310455,0.6350401639938354,-0.14281608164310455,0.6350401639938354,0.31478211283683777,0.6852179169654846,0.31478211283683777,0.6852179169654846,0.0,0.0,0.0,0.0,1,1,1,1
405,/data/wyb/pneumoniamnist_imagefolder_subset/val/1/00364.png,1,-0.1476265788078308,0.6400220990180969,-0.1476265788078308,0.6400220990180969,0.31267377734184265,0.6873262524604797,0.31267377734184265,0.6873262524604797,0.0,0.0,0.0,0.0,1,1,1,1
406,/data/wyb/pneumoniamnist_imagefolder_subset/val/1/00367.png,1,-0.15085038542747498,0.6422215700149536,-0.15085038542747498,0.6422215700149536,0.3115094304084778,0.6884905695915222,0.3115094304084778,0.6884905695915222,0.0,0.0,0.0,0.0,1,1,1,1
407,/data/wyb/pneumoniamnist_imagefolder_subset/val/1/00368.png,1,-0.11745930463075638,0.6130128502845764,-0.11745930463075638,0.6130128502845764,0.32509109377861023,0.6749088168144226,0.32509109377861023,0.6749088168144226,0.0,0.0,0.0,0.0,1,1,1,1
408,/data/wyb/pneumoniamnist_imagefolder_subset/val/1/00369.png,1,-0.12149394303560257,0.6143674254417419,-0.12149394303560257,0.6143674254417419,0.32390978932380676,0.6760901808738708,0.32390978932380676,0.6760901808738708,0.0,0.0,0.0,0.0,1,1,1,1
409,/data/wyb/pneumoniamnist_imagefolder_subset/val/1/00370.png,1,-0.15015235543251038,0.640471875667572,-0.15015235543251038,0.640471875667572,0.3120346665382385,0.6879653930664062,0.3120346665382385,0.6879653930664062,0.0,0.0,0.0,0.0,1,1,1,1
410,/data/wyb/pneumoniamnist_imagefolder_subset/val/1/00371.png,1,-0.14262421429157257,0.6359404921531677,-0.14262421429157257,0.6359404921531677,0.31462928652763367,0.685370683670044,0.31462928652763367,0.685370683670044,0.0,0.0,0.0,0.0,1,1,1,1
411,/data/wyb/pneumoniamnist_imagefolder_subset/val/1/00372.png,1,-0.1588754802942276,0.6430767178535461,-0.1588754802942276,0.6430767178535461,0.3096080720424652,0.6903918981552124,0.3096080720424652,0.6903918981552124,0.0,0.0,0.0,0.0,1,1,1,1
412,/data/wyb/pneumoniamnist_imagefolder_subset/val/1/00373.png,1,-0.08222882449626923,0.5774398446083069,-0.08222882449626923,0.5774398446083069,0.3408140242099762,0.6591859459877014,0.3408140242099762,0.6591859459877014,0.0,0.0,0.0,0.0,1,1,1,1
413,/data/wyb/pneumoniamnist_imagefolder_subset/val/1/00374.png,1,-0.0909748375415802,0.5886173844337463,-0.0909748375415802,0.5886173844337463,0.33635231852531433,0.6636477112770081,0.33635231852531433,0.6636477112770081,0.0,0.0,0.0,0.0,1,1,1,1
414,/data/wyb/pneumoniamnist_imagefolder_subset/val/1/00375.png,1,-0.16368867456912994,0.6475417017936707,-0.16368867456912994,0.6475417017936707,0.3076283633708954,0.6923716068267822,0.3076283633708954,0.6923716068267822,0.0,0.0,0.0,0.0,1,1,1,1
415,/data/wyb/pneumoniamnist_imagefolder_subset/val/1/00376.png,1,-0.1187719851732254,0.6122101545333862,-0.1187719851732254,0.6122101545333862,0.3249792456626892,0.6750207543373108,0.3249792456626892,0.6750207543373108,0.0,0.0,0.0,0.0,1,1,1,1
416,/data/wyb/pneumoniamnist_imagefolder_subset/val/1/00377.png,1,-0.13902516663074493,0.6324363946914673,-0.13902516663074493,0.6324363946914673,0.316163033246994,0.6838369965553284,0.316163033246994,0.6838369965553284,0.0,0.0,0.0,0.0,1,1,1,1
417,/data/wyb/pneumoniamnist_imagefolder_subset/val/1/00379.png,1,-0.14071445167064667,0.6298794150352478,-0.14071445167064667,0.6298794150352478,0.31635066866874695,0.6836493611335754,0.31635066866874695,0.6836493611335754,0.0,0.0,0.0,0.0,1,1,1,1
418,/data/wyb/pneumoniamnist_imagefolder_subset/val/1/00380.png,1,-0.13043588399887085,0.6248674392700195,-0.13043588399887085,0.6248674392700195,0.3196668326854706,0.6803331971168518,0.3196668326854706,0.6803331971168518,0.0,0.0,0.0,0.0,1,1,1,1
419,/data/wyb/pneumoniamnist_imagefolder_subset/val/1/00381.png,1,-0.11126656830310822,0.6024880409240723,-0.11126656830310822,0.6024880409240723,0.3287697434425354,0.6712302565574646,0.3287697434425354,0.6712302565574646,0.0,0.0,0.0,0.0,1,1,1,1
420,/data/wyb/pneumoniamnist_imagefolder_subset/val/1/00384.png,1,-0.10001514852046967,0.5977223515510559,-0.10001514852046967,0.5977223515510559,0.33231401443481445,0.6676859259605408,0.33231401443481445,0.6676859259605408,0.0,0.0,0.0,0.0,1,1,1,1
421,/data/wyb/pneumoniamnist_imagefolder_subset/val/1/00385.png,1,0.30663666129112244,0.19059528410434723,0.30663666129112244,0.19059528410434723,0.5289778709411621,0.47102218866348267,0.5289778709411621,0.47102218866348267,0.0,0.0,0.0,0.0,0,0,0,0
422,/data/wyb/pneumoniamnist_imagefolder_subset/val/1/00386.png,1,0.34957781434059143,0.13766798377037048,0.34957781434059143,0.13766798377037048,0.5527800917625427,0.4472198784351349,0.5527800917625427,0.4472198784351349,0.0,0.0,0.0,0.0,0,0,0,0
423,/data/wyb/pneumoniamnist_imagefolder_subset/val/1/00387.png,1,-0.13212241232395172,0.6257486939430237,-0.13212241232395172,0.6257486939430237,0.31910863518714905,0.6808913350105286,0.31910863518714905,0.6808913350105286,0.0,0.0,0.0,0.0,1,1,1,1
424,/data/wyb/pneumoniamnist_imagefolder_subset/val/1/00389.png,1,-0.15560631453990936,0.6442638039588928,-0.15560631453990936,0.6442638039588928,0.310053288936615,0.689946711063385,0.310053288936615,0.689946711063385,0.0,0.0,0.0,0.0,1,1,1,1
425,/data/wyb/pneumoniamnist_imagefolder_subset/val/1/00390.png,1,-0.1418265700340271,0.6341654062271118,-0.1418265700340271,0.6341654062271118,0.3151843547821045,0.6848156452178955,0.3151843547821045,0.6848156452178955,0.0,0.0,0.0,0.0,1,1,1,1
426,/data/wyb/pneumoniamnist_imagefolder_subset/val/1/00391.png,1,-0.15009622275829315,0.6351897716522217,-0.15009622275829315,0.6351897716522217,0.3131817579269409,0.6868182420730591,0.3131817579269409,0.6868182420730591,0.0,0.0,0.0,0.0,1,1,1,1
427,/data/wyb/pneumoniamnist_imagefolder_subset/val/1/00393.png,1,-0.17871065437793732,0.65966796875,-0.17871065437793732,0.65966796875,0.30187639594078064,0.6981236338615417,0.30187639594078064,0.6981236338615417,0.0,0.0,0.0,0.0,1,1,1,1
428,/data/wyb/pneumoniamnist_imagefolder_subset/val/1/00394.png,1,-0.12866707146167755,0.6160945296287537,-0.12866707146167755,0.6160945296287537,0.32196375727653503,0.6780361533164978,0.32196375727653503,0.6780361533164978,0.0,0.0,0.0,0.0,1,1,1,1
429,/data/wyb/pneumoniamnist_imagefolder_subset/val/1/00396.png,1,0.08148447424173355,0.43503233790397644,0.08148447424173355,0.43503233790397644,0.4125223457813263,0.5874776840209961,0.4125223457813263,0.5874776840209961,0.0,0.0,0.0,0.0,1,1,0,0
430,/data/wyb/pneumoniamnist_imagefolder_subset/val/1/00397.png,1,-0.16005229949951172,0.6459431648254395,-0.16005229949951172,0.6459431648254395,0.30874449014663696,0.691255509853363,0.30874449014663696,0.691255509853363,0.0,0.0,0.0,0.0,1,1,1,1
431,/data/wyb/pneumoniamnist_imagefolder_subset/val/1/00398.png,1,-0.11268607527017593,0.6035302877426147,-0.11268607527017593,0.6035302877426147,0.3282267153263092,0.6717733144760132,0.3282267153263092,0.6717733144760132,0.0,0.0,0.0,0.0,1,1,1,1
432,/data/wyb/pneumoniamnist_imagefolder_subset/val/1/00399.png,1,-0.15145689249038696,0.6405143141746521,-0.15145689249038696,0.6405143141746521,0.3117455542087555,0.6882544159889221,0.3117455542087555,0.6882544159889221,0.0,0.0,0.0,0.0,1,1,1,1
433,/data/wyb/pneumoniamnist_imagefolder_subset/val/1/00400.png,1,-0.1523660123348236,0.6387564539909363,-0.1523660123348236,0.6387564539909363,0.3119277358055115,0.6880723237991333,0.3119277358055115,0.6880723237991333,0.0,0.0,0.0,0.0,1,1,1,1
434,/data/wyb/pneumoniamnist_imagefolder_subset/val/1/00401.png,1,-0.0904575064778328,0.5871074199676514,-0.0904575064778328,0.5871074199676514,0.3368050158023834,0.663195013999939,0.3368050158023834,0.663195013999939,0.0,0.0,0.0,0.0,1,1,1,1
435,/data/wyb/pneumoniamnist_imagefolder_subset/val/1/00402.png,1,-0.14654195308685303,0.6313384771347046,-0.14654195308685303,0.6313384771347046,0.31477686762809753,0.6852231025695801,0.31477686762809753,0.6852231025695801,0.0,0.0,0.0,0.0,1,1,1,1
436,/data/wyb/pneumoniamnist_imagefolder_subset/val/1/00404.png,1,-0.15814732015132904,0.6421459317207336,-0.15814732015132904,0.6421459317207336,0.30996280908584595,0.6900372505187988,0.30996280908584595,0.6900372505187988,0.0,0.0,0.0,0.0,1,1,1,1
437,/data/wyb/pneumoniamnist_imagefolder_subset/val/1/00405.png,1,-0.12420277297496796,0.6159394383430481,-0.12420277297496796,0.6159394383430481,0.3229730725288391,0.6770269870758057,0.3229730725288391,0.6770269870758057,0.0,0.0,0.0,0.0,1,1,1,1
438,/data/wyb/pneumoniamnist_imagefolder_subset/val/1/00407.png,1,-0.11614452302455902,0.604708194732666,-0.11614452302455902,0.604708194732666,0.32720524072647095,0.672794759273529,0.32720524072647095,0.672794759273529,0.0,0.0,0.0,0.0,1,1,1,1
439,/data/wyb/pneumoniamnist_imagefolder_subset/val/1/00408.png,1,0.39998379349708557,0.07699982821941376,0.39998379349708557,0.07699982821941376,0.5800513029098511,0.4199486970901489,0.5800513029098511,0.4199486970901489,0.0,0.0,0.0,0.0,0,0,0,0
440,/data/wyb/pneumoniamnist_imagefolder_subset/val/1/00410.png,1,-0.1417602151632309,0.6317397952079773,-0.1417602151632309,0.6317397952079773,0.3157224655151367,0.6842775344848633,0.3157224655151367,0.6842775344848633,0.0,0.0,0.0,0.0,1,1,1,1
441,/data/wyb/pneumoniamnist_imagefolder_subset/val/1/00412.png,1,-0.10650406777858734,0.5968723893165588,-0.10650406777858734,0.5968723893165588,0.33106404542922974,0.6689359545707703,0.33106404542922974,0.6689359545707703,0.0,0.0,0.0,0.0,1,1,1,1
442,/data/wyb/pneumoniamnist_imagefolder_subset/val/1/00413.png,1,-0.15932480990886688,0.6489065289497375,-0.15932480990886688,0.6489065289497375,0.3082675039768219,0.6917324662208557,0.3082675039768219,0.6917324662208557,0.0,0.0,0.0,0.0,1,1,1,1
443,/data/wyb/pneumoniamnist_imagefolder_subset/val/1/00414.png,1,-0.1411968320608139,0.6333168745040894,-0.1411968320608139,0.6333168745040894,0.3155035376548767,0.6844965219497681,0.3155035376548767,0.6844965219497681,0.0,0.0,0.0,0.0,1,1,1,1
444,/data/wyb/pneumoniamnist_imagefolder_subset/val/1/00415.png,1,-0.14788290858268738,0.6383612751960754,-0.14788290858268738,0.6383612751960754,0.31297567486763,0.6870242953300476,0.31297567486763,0.6870242953300476,0.0,0.0,0.0,0.0,1,1,1,1
445,/data/wyb/pneumoniamnist_imagefolder_subset/val/1/00418.png,1,-0.1567915678024292,0.6426874399185181,-0.1567915678024292,0.6426874399185181,0.31013697385787964,0.6898630261421204,0.31013697385787964,0.6898630261421204,0.0,0.0,0.0,0.0,1,1,1,1
446,/data/wyb/pneumoniamnist_imagefolder_subset/val/1/00419.png,1,-0.08682285249233246,0.587164044380188,-0.08682285249233246,0.587164044380188,0.33760467171669006,0.6623952984809875,0.33760467171669006,0.6623952984809875,0.0,0.0,0.0,0.0,1,1,1,1
447,/data/wyb/pneumoniamnist_imagefolder_subset/val/1/00421.png,1,-0.0078086997382342815,0.5044508576393127,-0.0078086997382342815,0.5044508576393127,0.37466397881507874,0.6253359913825989,0.37466397881507874,0.6253359913825989,0.0,0.0,0.0,0.0,1,1,1,1
448,/data/wyb/pneumoniamnist_imagefolder_subset/val/1/00422.png,1,-0.14745374023914337,0.6387941241264343,-0.14745374023914337,0.6387941241264343,0.31297487020492554,0.6870250701904297,0.31297487020492554,0.6870250701904297,0.0,0.0,0.0,0.0,1,1,1,1
449,/data/wyb/pneumoniamnist_imagefolder_subset/val/1/00423.png,1,-0.1309741884469986,0.6244626045227051,-0.1309741884469986,0.6244626045227051,0.31963780522346497,0.6803621649742126,0.31963780522346497,0.6803621649742126,0.0,0.0,0.0,0.0,1,1,1,1
450,/data/wyb/pneumoniamnist_imagefolder_subset/val/1/00425.png,1,-0.12405574321746826,0.6179115176200867,-0.12405574321746826,0.6179115176200867,0.32257410883903503,0.6774258613586426,0.32257410883903503,0.6774258613586426,0.0,0.0,0.0,0.0,1,1,1,1
451,/data/wyb/pneumoniamnist_imagefolder_subset/val/1/00426.png,1,-0.1548144817352295,0.6437829732894897,-0.1548144817352295,0.6437829732894897,0.31032562255859375,0.6896743774414062,0.31032562255859375,0.6896743774414062,0.0,0.0,0.0,0.0,1,1,1,1
452,/data/wyb/pneumoniamnist_imagefolder_subset/val/1/00427.png,1,-0.12745501101016998,0.622037947177887,-0.12745501101016998,0.622037947177887,0.3209317922592163,0.6790682077407837,0.3209317922592163,0.6790682077407837,0.0,0.0,0.0,0.0,1,1,1,1
453,/data/wyb/pneumoniamnist_imagefolder_subset/val/1/00428.png,1,-0.14431923627853394,0.6294017434120178,-0.14431923627853394,0.6294017434120178,0.31567469239234924,0.6843252182006836,0.31567469239234924,0.6843252182006836,0.0,0.0,0.0,0.0,1,1,1,1
454,/data/wyb/pneumoniamnist_imagefolder_subset/val/1/00430.png,1,0.24155093729496002,0.2630159258842468,0.24155093729496002,0.2630159258842468,0.4946339428424835,0.5053660273551941,0.4946339428424835,0.5053660273551941,0.0,0.0,0.0,0.0,1,1,0,0
455,/data/wyb/pneumoniamnist_imagefolder_subset/val/1/00431.png,1,-0.09912564605474472,0.5990645885467529,-0.09912564605474472,0.5990645885467529,0.3322136104106903,0.6677864193916321,0.3322136104106903,0.6677864193916321,0.0,0.0,0.0,0.0,1,1,1,1
456,/data/wyb/pneumoniamnist_imagefolder_subset/val/1/00432.png,1,-0.1598116010427475,0.6476410031318665,-0.1598116010427475,0.6476410031318665,0.3084335923194885,0.6915664076805115,0.3084335923194885,0.6915664076805115,0.0,0.0,0.0,0.0,1,1,1,1
457,/data/wyb/pneumoniamnist_imagefolder_subset/val/1/00434.png,1,0.031024722382426262,0.48374637961387634,0.031024722382426262,0.48374637961387634,0.38871386647224426,0.6112861037254333,0.38871386647224426,0.6112861037254333,0.0,0.0,0.0,0.0,1,1,1,1
458,/data/wyb/pneumoniamnist_imagefolder_subset/val/1/00435.png,1,-0.11037898063659668,0.6074416637420654,-0.11037898063659668,0.6074416637420654,0.3278730809688568,0.6721269488334656,0.3278730809688568,0.6721269488334656,0.0,0.0,0.0,0.0,1,1,1,1
459,/data/wyb/pneumoniamnist_imagefolder_subset/val/1/00436.png,1,-0.14539320766925812,0.634635865688324,-0.14539320766925812,0.634635865688324,0.3143136203289032,0.6856864094734192,0.3143136203289032,0.6856864094734192,0.0,0.0,0.0,0.0,1,1,1,1
460,/data/wyb/pneumoniamnist_imagefolder_subset/val/1/00439.png,1,-0.1338290423154831,0.6204927563667297,-0.1338290423154831,0.6204927563667297,0.31988030672073364,0.6801196336746216,0.31988030672073364,0.6801196336746216,0.0,0.0,0.0,0.0,1,1,1,1
461,/data/wyb/pneumoniamnist_imagefolder_subset/val/1/00440.png,1,-0.16631397604942322,0.6505385637283325,-0.16631397604942322,0.6505385637283325,0.30643215775489807,0.6935678124427795,0.30643215775489807,0.6935678124427795,0.0,0.0,0.0,0.0,1,1,1,1
462,/data/wyb/pneumoniamnist_imagefolder_subset/val/1/00441.png,1,-0.1485673189163208,0.6412683725357056,-0.1485673189163208,0.6412683725357056,0.312203973531723,0.6877960562705994,0.312203973531723,0.6877960562705994,0.0,0.0,0.0,0.0,1,1,1,1
463,/data/wyb/pneumoniamnist_imagefolder_subset/val/1/00442.png,1,-0.14564326405525208,0.637764036655426,-0.14564326405525208,0.637764036655426,0.3135859966278076,0.6864140033721924,0.3135859966278076,0.6864140033721924,0.0,0.0,0.0,0.0,1,1,1,1
464,/data/wyb/pneumoniamnist_imagefolder_subset/val/1/00443.png,1,-0.15011194348335266,0.6378726363182068,-0.15011194348335266,0.6378726363182068,0.31260159611701965,0.6873984336853027,0.31260159611701965,0.6873984336853027,0.0,0.0,0.0,0.0,1,1,1,1
465,/data/wyb/pneumoniamnist_imagefolder_subset/val/1/00444.png,1,-0.10816862434148788,0.6018729209899902,-0.10816862434148788,0.6018729209899902,0.3295896649360657,0.6704103350639343,0.3295896649360657,0.6704103350639343,0.0,0.0,0.0,0.0,1,1,1,1
466,/data/wyb/pneumoniamnist_imagefolder_subset/val/1/00445.png,1,0.461777001619339,-0.0042782677337527275,0.461777001619339,-0.0042782677337527275,0.614449679851532,0.385550320148468,0.614449679851532,0.385550320148468,0.0,0.0,0.0,0.0,0,0,0,0
467,/data/wyb/pneumoniamnist_imagefolder_subset/val/1/00446.png,1,0.4376155734062195,0.03154904767870903,0.4376155734062195,0.03154904767870903,0.6001443266868591,0.39985567331314087,0.6001443266868591,0.39985567331314087,0.0,0.0,0.0,0.0,0,0,0,0
468,/data/wyb/pneumoniamnist_imagefolder_subset/val/1/00447.png,1,-0.15136337280273438,0.6418986320495605,-0.15136337280273438,0.6418986320495605,0.3114686608314514,0.6885312795639038,0.3114686608314514,0.6885312795639038,0.0,0.0,0.0,0.0,1,1,1,1
469,/data/wyb/pneumoniamnist_imagefolder_subset/val/1/00448.png,1,-0.13479205965995789,0.6238365769386292,-0.13479205965995789,0.6238365769386292,0.3189440667629242,0.6810559034347534,0.3189440667629242,0.6810559034347534,0.0,0.0,0.0,0.0,1,1,1,1
470,/data/wyb/pneumoniamnist_imagefolder_subset/val/1/00449.png,1,-0.13743992149829865,0.6291232705116272,-0.13743992149829865,0.6291232705116272,0.31722304224967957,0.6827769875526428,0.31722304224967957,0.6827769875526428,0.0,0.0,0.0,0.0,1,1,1,1
471,/data/wyb/pneumoniamnist_imagefolder_subset/val/1/00450.png,1,-0.15254080295562744,0.6400110721588135,-0.15254080295562744,0.6400110721588135,0.3116210103034973,0.6883789896965027,0.3116210103034973,0.6883789896965027,0.0,0.0,0.0,0.0,1,1,1,1
472,/data/wyb/pneumoniamnist_imagefolder_subset/val/1/00451.png,1,-0.12731099128723145,0.6147571802139282,-0.12731099128723145,0.6147571802139282,0.32255205512046814,0.6774479150772095,0.32255205512046814,0.6774479150772095,0.0,0.0,0.0,0.0,1,1,1,1
473,/data/wyb/pneumoniamnist_imagefolder_subset/val/1/00452.png,1,-0.1674070954322815,0.650623619556427,-0.1674070954322815,0.650623619556427,0.30618181824684143,0.6938180923461914,0.30618181824684143,0.6938180923461914,0.0,0.0,0.0,0.0,1,1,1,1
474,/data/wyb/pneumoniamnist_imagefolder_subset/val/1/00453.png,1,-0.1475662738084793,0.6368640065193176,-0.1475662738084793,0.6368640065193176,0.3133658468723297,0.6866341233253479,0.3133658468723297,0.6866341233253479,0.0,0.0,0.0,0.0,1,1,1,1
475,/data/wyb/pneumoniamnist_imagefolder_subset/val/1/00457.png,1,-0.15531735122203827,0.6382261514663696,-0.15531735122203827,0.6382261514663696,0.31140831112861633,0.688591718673706,0.31140831112861633,0.688591718673706,0.0,0.0,0.0,0.0,1,1,1,1
476,/data/wyb/pneumoniamnist_imagefolder_subset/val/1/00458.png,1,-0.14250671863555908,0.6322859525680542,-0.14250671863555908,0.6322859525680542,0.3154432773590088,0.6845567226409912,0.3154432773590088,0.6845567226409912,0.0,0.0,0.0,0.0,1,1,1,1
477,/data/wyb/pneumoniamnist_imagefolder_subset/val/1/00460.png,1,0.04666726291179657,0.4647515118122101,0.04666726291179657,0.4647515118122101,0.39697524905204773,0.6030247211456299,0.39697524905204773,0.6030247211456299,0.0,0.0,0.0,0.0,1,1,0,0
478,/data/wyb/pneumoniamnist_imagefolder_subset/val/1/00461.png,1,-0.1408984214067459,0.631879448890686,-0.1408984214067459,0.631879448890686,0.3158785104751587,0.6841214895248413,0.3158785104751587,0.6841214895248413,0.0,0.0,0.0,0.0,1,1,1,1
479,/data/wyb/pneumoniamnist_imagefolder_subset/val/1/00462.png,1,-0.12504880130290985,0.6120783686637878,-0.12504880130290985,0.6120783686637878,0.3236326575279236,0.6763673424720764,0.3236326575279236,0.6763673424720764,0.0,0.0,0.0,0.0,1,1,1,1
480,/data/wyb/pneumoniamnist_imagefolder_subset/val/1/00464.png,1,-0.037911031395196915,0.5400198101997375,-0.037911031395196915,0.5400198101997375,0.35940882563591003,0.6405911445617676,0.35940882563591003,0.6405911445617676,0.0,0.0,0.0,0.0,1,1,1,1
481,/data/wyb/pneumoniamnist_imagefolder_subset/val/1/00465.png,1,-0.13007694482803345,0.6250939965248108,-0.13007694482803345,0.6250939965248108,0.3196956217288971,0.6803043484687805,0.3196956217288971,0.6803043484687805,0.0,0.0,0.0,0.0,1,1,1,1
482,/data/wyb/pneumoniamnist_imagefolder_subset/val/1/00466.png,1,-0.16068851947784424,0.6448154449462891,-0.16068851947784424,0.6448154449462891,0.30884939432144165,0.6911506056785583,0.30884939432144165,0.6911506056785583,0.0,0.0,0.0,0.0,1,1,1,1
483,/data/wyb/pneumoniamnist_imagefolder_subset/val/1/00467.png,1,-0.14180272817611694,0.6323323845863342,-0.14180272817611694,0.6323323845863342,0.31558528542518616,0.6844146847724915,0.31558528542518616,0.6844146847724915,0.0,0.0,0.0,0.0,1,1,1,1
484,/data/wyb/pneumoniamnist_imagefolder_subset/val/1/00468.png,1,-0.12307105213403702,0.6185648441314697,-0.12307105213403702,0.6185648441314697,0.32264649868011475,0.6773534417152405,0.32264649868011475,0.6773534417152405,0.0,0.0,0.0,0.0,1,1,1,1
485,/data/wyb/pneumoniamnist_imagefolder_subset/val/1/00469.png,1,-0.12882956862449646,0.6216617226600647,-0.12882956862449646,0.6216617226600647,0.3207142651081085,0.6792857050895691,0.3207142651081085,0.6792857050895691,0.0,0.0,0.0,0.0,1,1,1,1
486,/data/wyb/pneumoniamnist_imagefolder_subset/val/1/00470.png,1,-0.1619514375925064,0.6482812762260437,-0.1619514375925064,0.6482812762260437,0.30784091353416443,0.6921590566635132,0.30784091353416443,0.6921590566635132,0.0,0.0,0.0,0.0,1,1,1,1
487,/data/wyb/pneumoniamnist_imagefolder_subset/val/1/00472.png,1,-0.12612520158290863,0.620172917842865,-0.12612520158290863,0.620172917842865,0.3216284513473511,0.6783715486526489,0.3216284513473511,0.6783715486526489,0.0,0.0,0.0,0.0,1,1,1,1
488,/data/wyb/pneumoniamnist_imagefolder_subset/val/1/00473.png,1,-0.10841231048107147,0.6054583787918091,-0.10841231048107147,0.6054583787918091,0.328744113445282,0.671255886554718,0.328744113445282,0.671255886554718,0.0,0.0,0.0,0.0,1,1,1,1
489,/data/wyb/pneumoniamnist_imagefolder_subset/val/1/00474.png,1,0.15461839735507965,0.3542845845222473,0.15461839735507965,0.3542845845222473,0.450248658657074,0.5497514009475708,0.450248658657074,0.5497514009475708,0.0,0.0,0.0,0.0,1,1,0,0
490,/data/wyb/pneumoniamnist_imagefolder_subset/val/1/00475.png,1,0.5200047492980957,-0.06851140409708023,0.5200047492980957,-0.06851140409708023,0.6430246233940125,0.35697537660598755,0.6430246233940125,0.35697537660598755,0.0,0.0,0.0,0.0,0,0,0,0
491,/data/wyb/pneumoniamnist_imagefolder_subset/val/1/00477.png,1,-0.09233874082565308,0.590079128742218,-0.09233874082565308,0.590079128742218,0.3357219099998474,0.6642781496047974,0.3357219099998474,0.6642781496047974,0.0,0.0,0.0,0.0,1,1,1,1
492,/data/wyb/pneumoniamnist_imagefolder_subset/val/1/00480.png,1,-0.09242673963308334,0.5922243595123291,-0.09242673963308334,0.5922243595123291,0.3352240025997162,0.6647759675979614,0.3352240025997162,0.6647759675979614,0.0,0.0,0.0,0.0,1,1,1,1
493,/data/wyb/pneumoniamnist_imagefolder_subset/val/1/00481.png,1,-0.15533579885959625,0.6406389474868774,-0.15533579885959625,0.6406389474868774,0.3108872175216675,0.6891127824783325,0.3108872175216675,0.6891127824783325,0.0,0.0,0.0,0.0,1,1,1,1
494,/data/wyb/pneumoniamnist_imagefolder_subset/val/1/00482.png,1,-0.16198565065860748,0.6483463644981384,-0.16198565065860748,0.6483463644981384,0.30781978368759155,0.6921802759170532,0.30781978368759155,0.6921802759170532,0.0,0.0,0.0,0.0,1,1,1,1
495,/data/wyb/pneumoniamnist_imagefolder_subset/val/1/00485.png,1,-0.1511162966489792,0.640332818031311,-0.1511162966489792,0.640332818031311,0.3118576109409332,0.6881424188613892,0.3118576109409332,0.6881424188613892,0.0,0.0,0.0,0.0,1,1,1,1
496,/data/wyb/pneumoniamnist_imagefolder_subset/val/1/00486.png,1,-0.14508278667926788,0.6375939846038818,-0.14508278667926788,0.6375939846038818,0.3137432634830475,0.6862567067146301,0.3137432634830475,0.6862567067146301,0.0,0.0,0.0,0.0,1,1,1,1
497,/data/wyb/pneumoniamnist_imagefolder_subset/val/1/00487.png,1,-0.1584085077047348,0.646206796169281,-0.1584085077047348,0.646206796169281,0.3090391457080841,0.6909608840942383,0.3090391457080841,0.6909608840942383,0.0,0.0,0.0,0.0,1,1,1,1
498,/data/wyb/pneumoniamnist_imagefolder_subset/val/1/00488.png,1,-0.11296237260103226,0.6023178100585938,-0.11296237260103226,0.6023178100585938,0.32843315601348877,0.6715668439865112,0.32843315601348877,0.6715668439865112,0.0,0.0,0.0,0.0,1,1,1,1
499,/data/wyb/pneumoniamnist_imagefolder_subset/val/1/00489.png,1,-0.13913720846176147,0.6312434077262878,-0.13913720846176147,0.6312434077262878,0.3163967728614807,0.6836032271385193,0.3163967728614807,0.6836032271385193,0.0,0.0,0.0,0.0,1,1,1,1
500,/data/wyb/pneumoniamnist_imagefolder_subset/val/1/00492.png,1,-0.1488388478755951,0.6404354572296143,-0.1488388478755951,0.6404354572296143,0.31232449412345886,0.6876754760742188,0.31232449412345886,0.6876754760742188,0.0,0.0,0.0,0.0,1,1,1,1
501,/data/wyb/pneumoniamnist_imagefolder_subset/val/1/00493.png,1,-0.0816713497042656,0.5801775455474854,-0.0816713497042656,0.5801775455474854,0.34032440185546875,0.6596755981445312,0.34032440185546875,0.6596755981445312,0.0,0.0,0.0,0.0,1,1,1,1
502,/data/wyb/pneumoniamnist_imagefolder_subset/val/1/00494.png,1,-0.15906910598278046,0.6463531851768494,-0.15906910598278046,0.6463531851768494,0.30886682868003845,0.6911331415176392,0.30886682868003845,0.6911331415176392,0.0,0.0,0.0,0.0,1,1,1,1
503,/data/wyb/pneumoniamnist_imagefolder_subset/val/1/00495.png,1,-0.156280055642128,0.6452482342720032,-0.156280055642128,0.6452482342720032,0.3096987009048462,0.6903012990951538,0.3096987009048462,0.6903012990951538,0.0,0.0,0.0,0.0,1,1,1,1
504,/data/wyb/pneumoniamnist_imagefolder_subset/val/1/00497.png,1,-0.15209774672985077,0.6401028037071228,-0.15209774672985077,0.6401028037071228,0.3116963505744934,0.6883035898208618,0.3116963505744934,0.6883035898208618,0.0,0.0,0.0,0.0,1,1,1,1
505,/data/wyb/pneumoniamnist_imagefolder_subset/val/1/00499.png,1,-0.14619597792625427,0.6375441551208496,-0.14619597792625427,0.6375441551208496,0.3135143518447876,0.6864856481552124,0.3135143518447876,0.6864856481552124,0.0,0.0,0.0,0.0,1,1,1,1
506,/data/wyb/pneumoniamnist_imagefolder_subset/val/1/00501.png,1,-0.15409065783023834,0.6443119645118713,-0.15409065783023834,0.6443119645118713,0.31036731600761414,0.6896327137947083,0.31036731600761414,0.6896327137947083,0.0,0.0,0.0,0.0,1,1,1,1
507,/data/wyb/pneumoniamnist_imagefolder_subset/val/1/00503.png,1,-0.1394003927707672,0.6301605105400085,-0.1394003927707672,0.6301605105400085,0.3165740966796875,0.6834259033203125,0.3165740966796875,0.6834259033203125,0.0,0.0,0.0,0.0,1,1,1,1
508,/data/wyb/pneumoniamnist_imagefolder_subset/val/1/00504.png,1,-0.10752253234386444,0.604735255241394,-0.10752253234386444,0.604735255241394,0.3291001319885254,0.6708998680114746,0.3291001319885254,0.6708998680114746,0.0,0.0,0.0,0.0,1,1,1,1
509,/data/wyb/pneumoniamnist_imagefolder_subset/val/1/00506.png,1,0.13512882590293884,0.3811364471912384,0.13512882590293884,0.3811364471912384,0.4388063848018646,0.561193585395813,0.4388063848018646,0.561193585395813,0.0,0.0,0.0,0.0,1,1,0,0
510,/data/wyb/pneumoniamnist_imagefolder_subset/val/1/00507.png,1,-0.13437046110630035,0.618766188621521,-0.13437046110630035,0.618766188621521,0.32013824582099915,0.6798617839813232,0.32013824582099915,0.6798617839813232,0.0,0.0,0.0,0.0,1,1,1,1
511,/data/wyb/pneumoniamnist_imagefolder_subset/val/1/00508.png,1,-0.13076771795749664,0.6249085068702698,-0.13076771795749664,0.6249085068702698,0.31958574056625366,0.6804142594337463,0.31958574056625366,0.6804142594337463,0.0,0.0,0.0,0.0,1,1,1,1
512,/data/wyb/pneumoniamnist_imagefolder_subset/val/1/00510.png,1,-0.13256141543388367,0.6270025968551636,-0.13256141543388367,0.6270025968551636,0.31874093413352966,0.6812590956687927,0.31874093413352966,0.6812590956687927,0.0,0.0,0.0,0.0,1,1,1,1
513,/data/wyb/pneumoniamnist_imagefolder_subset/val/1/00511.png,1,-0.1520846039056778,0.6406802535057068,-0.1520846039056778,0.6406802535057068,0.311575323343277,0.6884247064590454,0.311575323343277,0.6884247064590454,0.0,0.0,0.0,0.0,1,1,1,1
514,/data/wyb/pneumoniamnist_imagefolder_subset/val/1/00512.png,1,-0.010073808953166008,0.518247127532959,-0.010073808953166008,0.518247127532959,0.37090858817100525,0.6290913820266724,0.37090858817100525,0.6290913820266724,0.0,0.0,0.0,0.0,1,1,1,1
515,/data/wyb/pneumoniamnist_imagefolder_subset/val/1/00513.png,1,-0.17039094865322113,0.6517552137374878,-0.17039094865322113,0.6517552137374878,0.3053082823753357,0.6946917176246643,0.3053082823753357,0.6946917176246643,0.0,0.0,0.0,0.0,1,1,1,1
516,/data/wyb/pneumoniamnist_imagefolder_subset/val/1/00514.png,1,-0.11999914795160294,0.6152433753013611,-0.11999914795160294,0.6152433753013611,0.324045330286026,0.6759546399116516,0.324045330286026,0.6759546399116516,0.0,0.0,0.0,0.0,1,1,1,1
517,/data/wyb/pneumoniamnist_imagefolder_subset/val/1/00515.png,1,-0.11485009640455246,0.6104432344436646,-0.11485009640455246,0.6104432344436646,0.32622843980789185,0.6737716197967529,0.32622843980789185,0.6737716197967529,0.0,0.0,0.0,0.0,1,1,1,1
518,/data/wyb/pneumoniamnist_imagefolder_subset/val/1/00516.png,1,-0.13230042159557343,0.6191916465759277,-0.13230042159557343,0.6191916465759277,0.3204962909221649,0.6795037388801575,0.3204962909221649,0.6795037388801575,0.0,0.0,0.0,0.0,1,1,1,1
519,/data/wyb/pneumoniamnist_imagefolder_subset/val/1/00517.png,1,-0.0875127986073494,0.5780525207519531,-0.0875127986073494,0.5780525207519531,0.3394905626773834,0.660509467124939,0.3394905626773834,0.660509467124939,0.0,0.0,0.0,0.0,1,1,1,1
520,/data/wyb/pneumoniamnist_imagefolder_subset/val/1/00518.png,1,-0.11268004775047302,0.6090395450592041,-0.11268004775047302,0.6090395450592041,0.3270144462585449,0.6729856133460999,0.3270144462585449,0.6729856133460999,0.0,0.0,0.0,0.0,1,1,1,1
521,/data/wyb/pneumoniamnist_imagefolder_subset/val/1/00520.png,1,-0.15008646249771118,0.6411970257759094,-0.15008646249771118,0.6411970257759094,0.31189313530921936,0.6881068348884583,0.31189313530921936,0.6881068348884583,0.0,0.0,0.0,0.0,1,1,1,1
522,/data/wyb/pneumoniamnist_imagefolder_subset/val/1/00521.png,1,-0.11664024740457535,0.613252580165863,-0.11664024740457535,0.613252580165863,0.32521823048591614,0.6747817397117615,0.32521823048591614,0.6747817397117615,0.0,0.0,0.0,0.0,1,1,1,1
523,/data/wyb/pneumoniamnist_imagefolder_subset/val/1/00523.png,1,-0.13218972086906433,0.6254932880401611,-0.13218972086906433,0.6254932880401611,0.31914952397346497,0.6808505058288574,0.31914952397346497,0.6808505058288574,0.0,0.0,0.0,0.0,1,1,1,1
